"Entry ID","Auth Asym ID","Ligand ID","Ligand Formula","Ligand MW","Ligand Name","InChI","InChI Key","Ligand SMILES","Ligand of Interest",
"2BXV","A","SO4","O4 S",96.063,"SULFATE ION","InChI=1S/H2O4S/c1-5(2,3)4/h(H2,1,2,3,4)/p-2","QAOWNCQODCNURD-UHFFFAOYSA-L","[O-]S(=O)(=O)[O-]",
,"A","ACT","C2 H3 O2",59.044,"ACETATE ION","InChI=1S/C2H4O2/c1-2(3)4/h1H3,(H,3,4)/p-1","QTBSBXVTEAMEQO-UHFFFAOYSA-M","CC(=O)[O-]",
,"A","FMN","C17 H21 N4 O9 P",456.344,"FLAVIN MONONUCLEOTIDE","InChI=1S/C17H21N4O9P/c1-7-3-9-10(4-8(7)2)21(15-13(18-9)16(25)20-17(26)19-15)5-11(22)14(24)12(23)6-30-31(27,28)29/h3-4,11-12,14,22-24H,5-6H2,1-2H3,(H,20,25,26)(H2,27,28,29)/t11-,12+,14-/m0/s1","FVTCRASFADXXNN-SCRDCRAPSA-N","Cc1cc2c(cc1C)N(C3=NC(=O)NC(=O)C3=N2)CC(C(C(COP(=O)(O)O)O)O)O",
,"A","ORO","C5 H4 N2 O4",156.096,"OROTIC ACID","InChI=1S/C5H4N2O4/c8-3-1-2(4(9)10)6-5(11)7-3/h1H,(H,9,10)(H2,6,7,8,11)","PXQPEWDEAKTCGB-UHFFFAOYSA-N","C1=C(NC(=O)NC1=O)C(=O)O",
,"A","3FT","C20 H15 F4 N O4",409.331,"2-({[3-FLUORO-3'-(TRIFLUOROMETHOXY)BIPHENYL-4-YL]AMINO}CARBONYL)CYCLOPENT-1-ENE-1-CARBOXYLIC ACID","InChI=1S/C20H15F4NO4/c21-16-10-12(11-3-1-4-13(9-11)29-20(22,23)24)7-8-17(16)25-18(26)14-5-2-6-15(14)19(27)28/h1,3-4,7-10H,2,5-6H2,(H,25,26)(H,27,28)","CTKBCQCRHRCICI-UHFFFAOYSA-N","c1cc(cc(c1)OC(F)(F)F)c2ccc(c(c2)F)NC(=O)C3=C(CCC3)C(=O)O",
"5ZFB","A","FMN","C17 H21 N4 O9 P",456.344,"FLAVIN MONONUCLEOTIDE","InChI=1S/C17H21N4O9P/c1-7-3-9-10(4-8(7)2)21(15-13(18-9)16(25)20-17(26)19-15)5-11(22)14(24)12(23)6-30-31(27,28)29/h3-4,11-12,14,22-24H,5-6H2,1-2H3,(H,20,25,26)(H2,27,28,29)/t11-,12+,14-/m0/s1","FVTCRASFADXXNN-SCRDCRAPSA-N","Cc1cc2c(cc1C)N(C3=NC(=O)NC(=O)C3=N2)CC(C(C(COP(=O)(O)O)O)O)O",
,"A","ORO","C5 H4 N2 O4",156.096,"OROTIC ACID","InChI=1S/C5H4N2O4/c8-3-1-2(4(9)10)6-5(11)7-3/h1H,(H,9,10)(H2,6,7,8,11)","PXQPEWDEAKTCGB-UHFFFAOYSA-N","C1=C(NC(=O)NC1=O)C(=O)O",
,"A","ACT","C2 H3 O2",59.044,"ACETATE ION","InChI=1S/C2H4O2/c1-2(3)4/h1H3,(H,3,4)/p-1","QTBSBXVTEAMEQO-UHFFFAOYSA-M","CC(=O)[O-]",
,"A","SO4","O4 S",96.063,"SULFATE ION","InChI=1S/H2O4S/c1-5(2,3)4/h(H2,1,2,3,4)/p-2","QAOWNCQODCNURD-UHFFFAOYSA-L","[O-]S(=O)(=O)[O-]",
,"A","9BX","C23 H29 Cl O5",420.926,"3-chloro-4,6-dihydroxy-5-[(2Z,6Z,8E)-11-hydroxy-3,7,11-trimethyl-10-oxododeca-2,6,8-trien-1-yl]-2-methylbenzaldehyde","InChI=1S/C23H29ClO5/c1-14(7-6-8-15(2)10-12-19(26)23(4,5)29)9-11-17-21(27)18(13-25)16(3)20(24)22(17)28/h8-10,12-13,27-29H,6-7,11H2,1-5H3/b12-10+,14-9-,15-8-","NCZOBEWCFSMGDM-ZTAYFTFOSA-N","Cc1c(c(c(c(c1Cl)O)CC=C(C)CCC=C(C)C=CC(=O)C(C)(C)O)O)C=O",
"5H73","A","7L7","C13 H9 F N2 O3 S",292.286,"methyl (2~{Z})-2-cyano-2-[3-(2-fluorophenyl)-4-oxidanylidene-1,3-thiazolidin-2-ylidene]ethanoate","InChI=1S/C13H9FN2O3S/c1-19-13(18)8(6-15)12-16(11(17)7-20-12)10-5-3-2-4-9(10)14/h2-5H,7H2,1H3/b12-8-","HTTRHNVVYSAQQD-WQLSENKSSA-N","COC(=O)C(=C1N(C(=O)CS1)c2ccccc2F)C#N",
,"A","FMN","C17 H21 N4 O9 P",456.344,"FLAVIN MONONUCLEOTIDE","InChI=1S/C17H21N4O9P/c1-7-3-9-10(4-8(7)2)21(15-13(18-9)16(25)20-17(26)19-15)5-11(22)14(24)12(23)6-30-31(27,28)29/h3-4,11-12,14,22-24H,5-6H2,1-2H3,(H,20,25,26)(H2,27,28,29)/t11-,12+,14-/m0/s1","FVTCRASFADXXNN-SCRDCRAPSA-N","Cc1cc2c(cc1C)N(C3=NC(=O)NC(=O)C3=N2)CC(C(C(COP(=O)(O)O)O)O)O",
,"A","ORO","C5 H4 N2 O4",156.096,"OROTIC ACID","InChI=1S/C5H4N2O4/c8-3-1-2(4(9)10)6-5(11)7-3/h1H,(H,9,10)(H2,6,7,8,11)","PXQPEWDEAKTCGB-UHFFFAOYSA-N","C1=C(NC(=O)NC1=O)C(=O)O",
,"A","SO4","O4 S",96.063,"SULFATE ION","InChI=1S/H2O4S/c1-5(2,3)4/h(H2,1,2,3,4)/p-2","QAOWNCQODCNURD-UHFFFAOYSA-L","[O-]S(=O)(=O)[O-]",
,"A","ACT","C2 H3 O2",59.044,"ACETATE ION","InChI=1S/C2H4O2/c1-2(3)4/h1H3,(H,3,4)/p-1","QTBSBXVTEAMEQO-UHFFFAOYSA-M","CC(=O)[O-]",
"4LS2","A","FMN","C17 H21 N4 O9 P",456.344,"FLAVIN MONONUCLEOTIDE","InChI=1S/C17H21N4O9P/c1-7-3-9-10(4-8(7)2)21(15-13(18-9)16(25)20-17(26)19-15)5-11(22)14(24)12(23)6-30-31(27,28)29/h3-4,11-12,14,22-24H,5-6H2,1-2H3,(H,20,25,26)(H2,27,28,29)/t11-,12+,14-/m0/s1","FVTCRASFADXXNN-SCRDCRAPSA-N","Cc1cc2c(cc1C)N(C3=NC(=O)NC(=O)C3=N2)CC(C(C(COP(=O)(O)O)O)O)O",
,"A","ORO","C5 H4 N2 O4",156.096,"OROTIC ACID","InChI=1S/C5H4N2O4/c8-3-1-2(4(9)10)6-5(11)7-3/h1H,(H,9,10)(H2,6,7,8,11)","PXQPEWDEAKTCGB-UHFFFAOYSA-N","C1=C(NC(=O)NC1=O)C(=O)O",
,"A","SO4","O4 S",96.063,"SULFATE ION","InChI=1S/H2O4S/c1-5(2,3)4/h(H2,1,2,3,4)/p-2","QAOWNCQODCNURD-UHFFFAOYSA-L","[O-]S(=O)(=O)[O-]",
,"A","ACT","C2 H3 O2",59.044,"ACETATE ION","InChI=1S/C2H4O2/c1-2(3)4/h1H3,(H,3,4)/p-1","QTBSBXVTEAMEQO-UHFFFAOYSA-M","CC(=O)[O-]",
,"A","3XS","C18 H15 N3 O3 S",353.395,"2-[(E)-{2-[4-(3-methoxyphenyl)-1,3-thiazol-2-yl]hydrazinylidene}methyl]benzoic acid","InChI=1S/C18H15N3O3S/c1-24-14-7-4-6-12(9-14)16-11-25-18(20-16)21-19-10-13-5-2-3-8-15(13)17(22)23/h2-11H,1H3,(H,20,21)(H,22,23)/b19-10+","CRNTYYFZANKWHU-VXLYETTFSA-N","COc1cccc(c1)c2csc(n2)NN=Cc3ccccc3C(=O)O",
"2FPV","A","ACT","C2 H3 O2",59.044,"ACETATE ION","InChI=1S/C2H4O2/c1-2(3)4/h1H3,(H,3,4)/p-1","QTBSBXVTEAMEQO-UHFFFAOYSA-M","CC(=O)[O-]",
,"A","SO4","O4 S",96.063,"SULFATE ION","InChI=1S/H2O4S/c1-5(2,3)4/h(H2,1,2,3,4)/p-2","QAOWNCQODCNURD-UHFFFAOYSA-L","[O-]S(=O)(=O)[O-]",
,"A","FMN","C17 H21 N4 O9 P",456.344,"FLAVIN MONONUCLEOTIDE","InChI=1S/C17H21N4O9P/c1-7-3-9-10(4-8(7)2)21(15-13(18-9)16(25)20-17(26)19-15)5-11(22)14(24)12(23)6-30-31(27,28)29/h3-4,11-12,14,22-24H,5-6H2,1-2H3,(H,20,25,26)(H2,27,28,29)/t11-,12+,14-/m0/s1","FVTCRASFADXXNN-SCRDCRAPSA-N","Cc1cc2c(cc1C)N(C3=NC(=O)NC(=O)C3=N2)CC(C(C(COP(=O)(O)O)O)O)O",
,"A","ORO","C5 H4 N2 O4",156.096,"OROTIC ACID","InChI=1S/C5H4N2O4/c8-3-1-2(4(9)10)6-5(11)7-3/h1H,(H,9,10)(H2,6,7,8,11)","PXQPEWDEAKTCGB-UHFFFAOYSA-N","C1=C(NC(=O)NC1=O)C(=O)O",
,"A","ILC","C19 H14 F N O4 S",371.382,"3-{[(3-FLUORO-3'-METHOXYBIPHENYL-4-YL)AMINO]CARBONYL}THIOPHENE-2-CARBOXYLIC ACID","InChI=1S/C19H14FNO4S/c1-25-13-4-2-3-11(9-13)12-5-6-16(15(20)10-12)21-18(22)14-7-8-26-17(14)19(23)24/h2-10H,1H3,(H,21,22)(H,23,24)","GIUMGVUBDBDTDX-UHFFFAOYSA-N","COc1cccc(c1)c2ccc(c(c2)F)NC(=O)c3ccsc3C(=O)O",
"4LS1","A","FMN","C17 H21 N4 O9 P",456.344,"FLAVIN MONONUCLEOTIDE","InChI=1S/C17H21N4O9P/c1-7-3-9-10(4-8(7)2)21(15-13(18-9)16(25)20-17(26)19-15)5-11(22)14(24)12(23)6-30-31(27,28)29/h3-4,11-12,14,22-24H,5-6H2,1-2H3,(H,20,25,26)(H2,27,28,29)/t11-,12+,14-/m0/s1","FVTCRASFADXXNN-SCRDCRAPSA-N","Cc1cc2c(cc1C)N(C3=NC(=O)NC(=O)C3=N2)CC(C(C(COP(=O)(O)O)O)O)O",
,"A","ORO","C5 H4 N2 O4",156.096,"OROTIC ACID","InChI=1S/C5H4N2O4/c8-3-1-2(4(9)10)6-5(11)7-3/h1H,(H,9,10)(H2,6,7,8,11)","PXQPEWDEAKTCGB-UHFFFAOYSA-N","C1=C(NC(=O)NC1=O)C(=O)O",
,"A","3X2","C17 H12 Cl N3 O2 S",357.814,"2-[(E)-{2-[4-(2-chlorophenyl)-1,3-thiazol-2-yl]hydrazinylidene}methyl]benzoic acid","InChI=1S/C17H12ClN3O2S/c18-14-8-4-3-7-13(14)15-10-24-17(20-15)21-19-9-11-5-1-2-6-12(11)16(22)23/h1-10H,(H,20,21)(H,22,23)/b19-9+","DDEIFUOYHWEWSS-DJKKODMXSA-N","c1ccc(c(c1)C=NNc2nc(cs2)c3ccccc3Cl)C(=O)O",
,"A","SO4","O4 S",96.063,"SULFATE ION","InChI=1S/H2O4S/c1-5(2,3)4/h(H2,1,2,3,4)/p-2","QAOWNCQODCNURD-UHFFFAOYSA-L","[O-]S(=O)(=O)[O-]",
,"A","ACT","C2 H3 O2",59.044,"ACETATE ION","InChI=1S/C2H4O2/c1-2(3)4/h1H3,(H,3,4)/p-1","QTBSBXVTEAMEQO-UHFFFAOYSA-M","CC(=O)[O-]",
"4JS3","A","FMN","C17 H21 N4 O9 P",456.344,"FLAVIN MONONUCLEOTIDE","InChI=1S/C17H21N4O9P/c1-7-3-9-10(4-8(7)2)21(15-13(18-9)16(25)20-17(26)19-15)5-11(22)14(24)12(23)6-30-31(27,28)29/h3-4,11-12,14,22-24H,5-6H2,1-2H3,(H,20,25,26)(H2,27,28,29)/t11-,12+,14-/m0/s1","FVTCRASFADXXNN-SCRDCRAPSA-N","Cc1cc2c(cc1C)N(C3=NC(=O)NC(=O)C3=N2)CC(C(C(COP(=O)(O)O)O)O)O",
,"A","ORO","C5 H4 N2 O4",156.096,"OROTIC ACID","InChI=1S/C5H4N2O4/c8-3-1-2(4(9)10)6-5(11)7-3/h1H,(H,9,10)(H2,6,7,8,11)","PXQPEWDEAKTCGB-UHFFFAOYSA-N","C1=C(NC(=O)NC1=O)C(=O)O",
,"A","JS3","C15 H11 Cl N2 O S",302.779,"2-chloro-4-methyl-N-(naphthalen-2-yl)-1,3-thiazole-5-carboxamide","InChI=1S/C15H11ClN2OS/c1-9-13(20-15(16)17-9)14(19)18-12-7-6-10-4-2-3-5-11(10)8-12/h2-8H,1H3,(H,18,19)","JUNYYPFCTFDDHR-UHFFFAOYSA-N","Cc1c(sc(n1)Cl)C(=O)Nc2ccc3ccccc3c2",
,"A","SO4","O4 S",96.063,"SULFATE ION","InChI=1S/H2O4S/c1-5(2,3)4/h(H2,1,2,3,4)/p-2","QAOWNCQODCNURD-UHFFFAOYSA-L","[O-]S(=O)(=O)[O-]",
,"A","ACY","C2 H4 O2",60.052,"ACETIC ACID","InChI=1S/C2H4O2/c1-2(3)4/h1H3,(H,3,4)","QTBSBXVTEAMEQO-UHFFFAOYSA-N","CC(=O)O",
"6GK0","A","FMN","C17 H21 N4 O9 P",456.344,"FLAVIN MONONUCLEOTIDE","InChI=1S/C17H21N4O9P/c1-7-3-9-10(4-8(7)2)21(15-13(18-9)16(25)20-17(26)19-15)5-11(22)14(24)12(23)6-30-31(27,28)29/h3-4,11-12,14,22-24H,5-6H2,1-2H3,(H,20,25,26)(H2,27,28,29)/t11-,12+,14-/m0/s1","FVTCRASFADXXNN-SCRDCRAPSA-N","Cc1cc2c(cc1C)N(C3=NC(=O)NC(=O)C3=N2)CC(C(C(COP(=O)(O)O)O)O)O",
,"A","DOR","C5 H6 N2 O4",158.112,"(4S)-2,6-DIOXOHEXAHYDROPYRIMIDINE-4-CARBOXYLIC ACID","InChI=1S/C5H6N2O4/c8-3-1-2(4(9)10)6-5(11)7-3/h2H,1H2,(H,9,10)(H2,6,7,8,11)/t2-/m0/s1","UFIVEPVSAGBUSI-REOHCLBHSA-N","C1C(NC(=O)NC1=O)C(=O)O",
,"A","ACY","C2 H4 O2",60.052,"ACETIC ACID","InChI=1S/C2H4O2/c1-2(3)4/h1H3,(H,3,4)","QTBSBXVTEAMEQO-UHFFFAOYSA-N","CC(=O)O",
,"A","GOL","C3 H8 O3",92.094,"GLYCEROL","InChI=1S/C3H8O3/c4-1-3(6)2-5/h3-6H,1-2H2","PEDCQBHIVMGVHV-UHFFFAOYSA-N","C(C(CO)O)O",
,"A","SO4","O4 S",96.063,"SULFATE ION","InChI=1S/H2O4S/c1-5(2,3)4/h(H2,1,2,3,4)/p-2","QAOWNCQODCNURD-UHFFFAOYSA-L","[O-]S(=O)(=O)[O-]",
,"A","CL","Cl",35.453,"CHLORIDE ION","InChI=1S/ClH/h1H/p-1","VEXZGXHMUGYJMC-UHFFFAOYSA-M","[Cl-]",
,"A","DDQ","C12 H27 N O",201.349,"DECYLAMINE-N,N-DIMETHYL-N-OXIDE","InChI=1S/C12H27NO/c1-4-5-6-7-8-9-10-11-12-13(2,3)14/h4-12H2,1-3H3","ZRKZFNZPJKEWPC-UHFFFAOYSA-N","CCCCCCCCCC[N+](C)(C)[O-]",
,"A","F1W","C25 H34 N4 O2 S",454.628,"4-~{tert}-butyl-~{N}-[[4-[5-(dimethylamino)pentanoylamino]phenyl]carbamothioyl]benzamide","InChI=1S/C25H34N4O2S/c1-25(2,3)19-11-9-18(10-12-19)23(31)28-24(32)27-21-15-13-20(14-16-21)26-22(30)8-6-7-17-29(4)5/h9-16H,6-8,17H2,1-5H3,(H,26,30)(H2,27,28,31,32)","BVJSXSQRIUSRCO-UHFFFAOYSA-N","CC(C)(C)c1ccc(cc1)C(=O)NC(=S)Nc2ccc(cc2)NC(=O)CCCCN(C)C",
"4LS0","A","FMN","C17 H21 N4 O9 P",456.344,"FLAVIN MONONUCLEOTIDE","InChI=1S/C17H21N4O9P/c1-7-3-9-10(4-8(7)2)21(15-13(18-9)16(25)20-17(26)19-15)5-11(22)14(24)12(23)6-30-31(27,28)29/h3-4,11-12,14,22-24H,5-6H2,1-2H3,(H,20,25,26)(H2,27,28,29)/t11-,12+,14-/m0/s1","FVTCRASFADXXNN-SCRDCRAPSA-N","Cc1cc2c(cc1C)N(C3=NC(=O)NC(=O)C3=N2)CC(C(C(COP(=O)(O)O)O)O)O",
,"A","ORO","C5 H4 N2 O4",156.096,"OROTIC ACID","InChI=1S/C5H4N2O4/c8-3-1-2(4(9)10)6-5(11)7-3/h1H,(H,9,10)(H2,6,7,8,11)","PXQPEWDEAKTCGB-UHFFFAOYSA-N","C1=C(NC(=O)NC1=O)C(=O)O",
,"A","SO4","O4 S",96.063,"SULFATE ION","InChI=1S/H2O4S/c1-5(2,3)4/h(H2,1,2,3,4)/p-2","QAOWNCQODCNURD-UHFFFAOYSA-L","[O-]S(=O)(=O)[O-]",
,"A","B3B","C17 H13 N3 O S",307.37,"2-{(E)-[2-(4-phenyl-1,3-thiazol-2-yl)hydrazinylidene]methyl}benzaldehyde","InChI=1S/C17H13N3OS/c21-11-15-9-5-4-8-14(15)10-18-20-17-19-16(12-22-17)13-6-2-1-3-7-13/h1-12H,(H,19,20)/b18-10+","IGARVLMWRSOJOY-VCHYOVAHSA-N","c1ccc(cc1)c2csc(n2)NN=Cc3ccccc3C=O",
"7K2U","A","FMN","C17 H21 N4 O9 P",456.344,"FLAVIN MONONUCLEOTIDE","InChI=1S/C17H21N4O9P/c1-7-3-9-10(4-8(7)2)21(15-13(18-9)16(25)20-17(26)19-15)5-11(22)14(24)12(23)6-30-31(27,28)29/h3-4,11-12,14,22-24H,5-6H2,1-2H3,(H,20,25,26)(H2,27,28,29)/t11-,12+,14-/m0/s1","FVTCRASFADXXNN-SCRDCRAPSA-N","Cc1cc2c(cc1C)N(C3=NC(=O)NC(=O)C3=N2)CC(C(C(COP(=O)(O)O)O)O)O",
,"A","ORO","C5 H4 N2 O4",156.096,"OROTIC ACID","InChI=1S/C5H4N2O4/c8-3-1-2(4(9)10)6-5(11)7-3/h1H,(H,9,10)(H2,6,7,8,11)","PXQPEWDEAKTCGB-UHFFFAOYSA-N","C1=C(NC(=O)NC1=O)C(=O)O",
,"A","VU7","C24 H18 F2 N2 O2",404.409,"6-fluoro-2-(2'-fluoro[1,1'-biphenyl]-4-yl)-N-methoxy-3-methylquinoline-4-carboxamide","InChI=1S/C24H18F2N2O2/c1-14-22(24(29)28-30-2)19-13-17(25)11-12-21(19)27-23(14)16-9-7-15(8-10-16)18-5-3-4-6-20(18)26/h3-13H,1-2H3,(H,28,29)","XPBXJYBHOVBFDA-UHFFFAOYSA-N","Cc1c(c2cc(ccc2nc1c3ccc(cc3)c4ccccc4F)F)C(=O)NOC",SUBJECT_OF_INVESTIGATION,
,"A","ACT","C2 H3 O2",59.044,"ACETATE ION","InChI=1S/C2H4O2/c1-2(3)4/h1H3,(H,3,4)/p-1","QTBSBXVTEAMEQO-UHFFFAOYSA-M","CC(=O)[O-]",
,"A","SO4","O4 S",96.063,"SULFATE ION","InChI=1S/H2O4S/c1-5(2,3)4/h(H2,1,2,3,4)/p-2","QAOWNCQODCNURD-UHFFFAOYSA-L","[O-]S(=O)(=O)[O-]",
,"A","GOL","C3 H8 O3",92.094,"GLYCEROL","InChI=1S/C3H8O3/c4-1-3(6)2-5/h3-6H,1-2H2","PEDCQBHIVMGVHV-UHFFFAOYSA-N","C(C(CO)O)O",
,"A","PGE","C6 H14 O4",150.173,"TRIETHYLENE GLYCOL","InChI=1S/C6H14O4/c7-1-3-9-5-6-10-4-2-8/h7-8H,1-6H2","ZIBGPFATKBEMQZ-UHFFFAOYSA-N","C(COCCOCCO)O",
"2FPY","A","ACT","C2 H3 O2",59.044,"ACETATE ION","InChI=1S/C2H4O2/c1-2(3)4/h1H3,(H,3,4)/p-1","QTBSBXVTEAMEQO-UHFFFAOYSA-M","CC(=O)[O-]",
,"A","SO4","O4 S",96.063,"SULFATE ION","InChI=1S/H2O4S/c1-5(2,3)4/h(H2,1,2,3,4)/p-2","QAOWNCQODCNURD-UHFFFAOYSA-L","[O-]S(=O)(=O)[O-]",
,"A","FMN","C17 H21 N4 O9 P",456.344,"FLAVIN MONONUCLEOTIDE","InChI=1S/C17H21N4O9P/c1-7-3-9-10(4-8(7)2)21(15-13(18-9)16(25)20-17(26)19-15)5-11(22)14(24)12(23)6-30-31(27,28)29/h3-4,11-12,14,22-24H,5-6H2,1-2H3,(H,20,25,26)(H2,27,28,29)/t11-,12+,14-/m0/s1","FVTCRASFADXXNN-SCRDCRAPSA-N","Cc1cc2c(cc1C)N(C3=NC(=O)NC(=O)C3=N2)CC(C(C(COP(=O)(O)O)O)O)O",
,"A","ORO","C5 H4 N2 O4",156.096,"OROTIC ACID","InChI=1S/C5H4N2O4/c8-3-1-2(4(9)10)6-5(11)7-3/h1H,(H,9,10)(H2,6,7,8,11)","PXQPEWDEAKTCGB-UHFFFAOYSA-N","C1=C(NC(=O)NC1=O)C(=O)O",
,"A","ILF","C19 H10 F5 N O4 S",443.344,"3-({[3,5-DIFLUORO-3'-(TRIFLUOROMETHOXY)BIPHENYL-4-YL]AMINO}CARBONYL)THIOPHENE-2-CARBOXYLIC ACID","InChI=1S/C19H10F5NO4S/c20-13-7-10(9-2-1-3-11(6-9)29-19(22,23)24)8-14(21)15(13)25-17(26)12-4-5-30-16(12)18(27)28/h1-8H,(H,25,26)(H,27,28)","CGNHUSCKOHDSMR-UHFFFAOYSA-N","c1cc(cc(c1)OC(F)(F)F)c2cc(c(c(c2)F)NC(=O)c3ccsc3C(=O)O)F",
"5K9C","A","FNR","C17 H23 N4 O9 P",458.36,"1-DEOXY-1-(7,8-DIMETHYL-2,4-DIOXO-3,4-DIHYDRO-2H-BENZO[G]PTERIDIN-1-ID-10(5H)-YL)-5-O-PHOSPHONATO-D-RIBITOL","InChI=1S/C17H23N4O9P/c1-7-3-9-10(4-8(7)2)21(15-13(18-9)16(25)20-17(26)19-15)5-11(22)14(24)12(23)6-30-31(27,28)29/h3-4,11-12,14,18,22-24H,5-6H2,1-2H3,(H2,27,28,29)(H2,19,20,25,26)/t11-,12+,14-/m0/s1","YTNIXZGTHTVJBW-SCRDCRAPSA-N","Cc1cc2c(cc1C)N(C3=C(N2)C(=O)NC(=O)N3)CC(C(C(COP(=O)(O)O)O)O)O",
,"A","ORO","C5 H4 N2 O4",156.096,"OROTIC ACID","InChI=1S/C5H4N2O4/c8-3-1-2(4(9)10)6-5(11)7-3/h1H,(H,9,10)(H2,6,7,8,11)","PXQPEWDEAKTCGB-UHFFFAOYSA-N","C1=C(NC(=O)NC1=O)C(=O)O",
,"A","MLJ","C21 H21 F3 N2 O3",406.398,"~{N}-[3-oxidanylidene-3-[[(1~{R})-1,2,3,4-tetrahydronaphthalen-1-yl]amino]propyl]-4-(trifluoromethyloxy)benzamide","InChI=1S/C21H21F3N2O3/c22-21(23,24)29-16-10-8-15(9-11-16)20(28)25-13-12-19(27)26-18-7-3-5-14-4-1-2-6-17(14)18/h1-2,4,6,8-11,18H,3,5,7,12-13H2,(H,25,28)(H,26,27)/t18-/m1/s1","SGNRHEDBLPGDDC-GOSISDBHSA-N","c1ccc2c(c1)CCCC2NC(=O)CCNC(=O)c3ccc(cc3)OC(F)(F)F",
,"A","SO4","O4 S",96.063,"SULFATE ION","InChI=1S/H2O4S/c1-5(2,3)4/h(H2,1,2,3,4)/p-2","QAOWNCQODCNURD-UHFFFAOYSA-L","[O-]S(=O)(=O)[O-]",
,"A","ACT","C2 H3 O2",59.044,"ACETATE ION","InChI=1S/C2H4O2/c1-2(3)4/h1H3,(H,3,4)/p-1","QTBSBXVTEAMEQO-UHFFFAOYSA-M","CC(=O)[O-]",
,"A","CL","Cl",35.453,"CHLORIDE ION","InChI=1S/ClH/h1H/p-1","VEXZGXHMUGYJMC-UHFFFAOYSA-M","[Cl-]",
,"A","GOL","C3 H8 O3",92.094,"GLYCEROL","InChI=1S/C3H8O3/c4-1-3(6)2-5/h3-6H,1-2H2","PEDCQBHIVMGVHV-UHFFFAOYSA-N","C(C(CO)O)O",
"3U2O","A","FMN","C17 H21 N4 O9 P",456.344,"FLAVIN MONONUCLEOTIDE","InChI=1S/C17H21N4O9P/c1-7-3-9-10(4-8(7)2)21(15-13(18-9)16(25)20-17(26)19-15)5-11(22)14(24)12(23)6-30-31(27,28)29/h3-4,11-12,14,22-24H,5-6H2,1-2H3,(H,20,25,26)(H2,27,28,29)/t11-,12+,14-/m0/s1","FVTCRASFADXXNN-SCRDCRAPSA-N","Cc1cc2c(cc1C)N(C3=NC(=O)NC(=O)C3=N2)CC(C(C(COP(=O)(O)O)O)O)O",
,"A","ORO","C5 H4 N2 O4",156.096,"OROTIC ACID","InChI=1S/C5H4N2O4/c8-3-1-2(4(9)10)6-5(11)7-3/h1H,(H,9,10)(H2,6,7,8,11)","PXQPEWDEAKTCGB-UHFFFAOYSA-N","C1=C(NC(=O)NC1=O)C(=O)O",
,"A","03U","C20 H17 F N2 O4",368.358,"methyl 4-{[(2Z)-2-cyano-3-hydroxypent-2-enoyl]amino}-4'-fluorobiphenyl-2-carboxylate","InChI=1S/C20H17FN2O4/c1-3-18(24)17(11-22)19(25)23-14-8-9-15(16(10-14)20(26)27-2)12-4-6-13(21)7-5-12/h4-10,24H,3H2,1-2H3,(H,23,25)/b18-17-","IYKUBGQVTQQVJG-ZCXUNETKSA-N","CCC(=C(C#N)C(=O)Nc1ccc(c(c1)C(=O)OC)c2ccc(cc2)F)O",
,"A","ACT","C2 H3 O2",59.044,"ACETATE ION","InChI=1S/C2H4O2/c1-2(3)4/h1H3,(H,3,4)/p-1","QTBSBXVTEAMEQO-UHFFFAOYSA-M","CC(=O)[O-]",
,"A","SO4","O4 S",96.063,"SULFATE ION","InChI=1S/H2O4S/c1-5(2,3)4/h(H2,1,2,3,4)/p-2","QAOWNCQODCNURD-UHFFFAOYSA-L","[O-]S(=O)(=O)[O-]",
"3FJ6","A","ORO","C5 H4 N2 O4",156.096,"OROTIC ACID","InChI=1S/C5H4N2O4/c8-3-1-2(4(9)10)6-5(11)7-3/h1H,(H,9,10)(H2,6,7,8,11)","PXQPEWDEAKTCGB-UHFFFAOYSA-N","C1=C(NC(=O)NC1=O)C(=O)O",
,"A","FMN","C17 H21 N4 O9 P",456.344,"FLAVIN MONONUCLEOTIDE","InChI=1S/C17H21N4O9P/c1-7-3-9-10(4-8(7)2)21(15-13(18-9)16(25)20-17(26)19-15)5-11(22)14(24)12(23)6-30-31(27,28)29/h3-4,11-12,14,22-24H,5-6H2,1-2H3,(H,20,25,26)(H2,27,28,29)/t11-,12+,14-/m0/s1","FVTCRASFADXXNN-SCRDCRAPSA-N","Cc1cc2c(cc1C)N(C3=NC(=O)NC(=O)C3=N2)CC(C(C(COP(=O)(O)O)O)O)O",
,"A","SO4","O4 S",96.063,"SULFATE ION","InChI=1S/H2O4S/c1-5(2,3)4/h(H2,1,2,3,4)/p-2","QAOWNCQODCNURD-UHFFFAOYSA-L","[O-]S(=O)(=O)[O-]",
,"A","ACT","C2 H3 O2",59.044,"ACETATE ION","InChI=1S/C2H4O2/c1-2(3)4/h1H3,(H,3,4)/p-1","QTBSBXVTEAMEQO-UHFFFAOYSA-M","CC(=O)[O-]",
,"A","CIH","C17 H12 Cl2 N2 O2",347.195,"(2Z)-2-cyano-N-(2,2'-dichlorobiphenyl-4-yl)-3-hydroxybut-2-enamide","InChI=1S/C17H12Cl2N2O2/c1-10(22)14(9-20)17(23)21-11-6-7-13(16(19)8-11)12-4-2-3-5-15(12)18/h2-8,22H,1H3,(H,21,23)/b14-10-","DDSLONVJHZPSBB-UVTDQMKNSA-N","CC(=C(C#N)C(=O)Nc1ccc(c(c1)Cl)c2ccccc2Cl)O",
"5H2Z","A","FMN","C17 H21 N4 O9 P",456.344,"FLAVIN MONONUCLEOTIDE","InChI=1S/C17H21N4O9P/c1-7-3-9-10(4-8(7)2)21(15-13(18-9)16(25)20-17(26)19-15)5-11(22)14(24)12(23)6-30-31(27,28)29/h3-4,11-12,14,22-24H,5-6H2,1-2H3,(H,20,25,26)(H2,27,28,29)/t11-,12+,14-/m0/s1","FVTCRASFADXXNN-SCRDCRAPSA-N","Cc1cc2c(cc1C)N(C3=NC(=O)NC(=O)C3=N2)CC(C(C(COP(=O)(O)O)O)O)O",
,"A","ORO","C5 H4 N2 O4",156.096,"OROTIC ACID","InChI=1S/C5H4N2O4/c8-3-1-2(4(9)10)6-5(11)7-3/h1H,(H,9,10)(H2,6,7,8,11)","PXQPEWDEAKTCGB-UHFFFAOYSA-N","C1=C(NC(=O)NC1=O)C(=O)O",
,"A","SO4","O4 S",96.063,"SULFATE ION","InChI=1S/H2O4S/c1-5(2,3)4/h(H2,1,2,3,4)/p-2","QAOWNCQODCNURD-UHFFFAOYSA-L","[O-]S(=O)(=O)[O-]",
,"A","ACT","C2 H3 O2",59.044,"ACETATE ION","InChI=1S/C2H4O2/c1-2(3)4/h1H3,(H,3,4)/p-1","QTBSBXVTEAMEQO-UHFFFAOYSA-M","CC(=O)[O-]",
,"A","7GF","C13 H13 Br N2 O3 S",357.223,"methyl (2Z)-3-azanyl-2-[3-(4-bromophenyl)-4-oxidanylidene-1,3-thiazolidin-2-ylidene]propanoate","InChI=1S/C13H13BrN2O3S/c1-19-13(18)10(6-15)12-16(11(17)7-20-12)9-4-2-8(14)3-5-9/h2-5H,6-7,15H2,1H3/b12-10-","UEDYOLMWFOHHRV-BENRWUELSA-N","COC(=O)C(=C1N(C(=O)CS1)c2ccc(cc2)Br)CN",
"2FPT","A","SO4","O4 S",96.063,"SULFATE ION","InChI=1S/H2O4S/c1-5(2,3)4/h(H2,1,2,3,4)/p-2","QAOWNCQODCNURD-UHFFFAOYSA-L","[O-]S(=O)(=O)[O-]",
,"A","ACT","C2 H3 O2",59.044,"ACETATE ION","InChI=1S/C2H4O2/c1-2(3)4/h1H3,(H,3,4)/p-1","QTBSBXVTEAMEQO-UHFFFAOYSA-M","CC(=O)[O-]",
,"A","FMN","C17 H21 N4 O9 P",456.344,"FLAVIN MONONUCLEOTIDE","InChI=1S/C17H21N4O9P/c1-7-3-9-10(4-8(7)2)21(15-13(18-9)16(25)20-17(26)19-15)5-11(22)14(24)12(23)6-30-31(27,28)29/h3-4,11-12,14,22-24H,5-6H2,1-2H3,(H,20,25,26)(H2,27,28,29)/t11-,12+,14-/m0/s1","FVTCRASFADXXNN-SCRDCRAPSA-N","Cc1cc2c(cc1C)N(C3=NC(=O)NC(=O)C3=N2)CC(C(C(COP(=O)(O)O)O)O)O",
,"A","ORO","C5 H4 N2 O4",156.096,"OROTIC ACID","InChI=1S/C5H4N2O4/c8-3-1-2(4(9)10)6-5(11)7-3/h1H,(H,9,10)(H2,6,7,8,11)","PXQPEWDEAKTCGB-UHFFFAOYSA-N","C1=C(NC(=O)NC1=O)C(=O)O",
,"A","ILB","C20 H14 F5 N O4",427.321,"2-({[3,5-DIFLUORO-3'-(TRIFLUOROMETHOXY)BIPHENYL-4-YL]AMINO}CARBONYL)CYCLOPENT-1-ENE-1-CARBOXYLIC ACID","InChI=1S/C20H14F5NO4/c21-15-8-11(10-3-1-4-12(7-10)30-20(23,24)25)9-16(22)17(15)26-18(27)13-5-2-6-14(13)19(28)29/h1,3-4,7-9H,2,5-6H2,(H,26,27)(H,28,29)","VTGXLCZUWFYELR-UHFFFAOYSA-N","c1cc(cc(c1)OC(F)(F)F)c2cc(c(c(c2)F)NC(=O)C3=C(CCC3)C(=O)O)F",
"3ZWT","A","FMN","C17 H21 N4 O9 P",456.344,"FLAVIN MONONUCLEOTIDE","InChI=1S/C17H21N4O9P/c1-7-3-9-10(4-8(7)2)21(15-13(18-9)16(25)20-17(26)19-15)5-11(22)14(24)12(23)6-30-31(27,28)29/h3-4,11-12,14,22-24H,5-6H2,1-2H3,(H,20,25,26)(H2,27,28,29)/t11-,12+,14-/m0/s1","FVTCRASFADXXNN-SCRDCRAPSA-N","Cc1cc2c(cc1C)N(C3=NC(=O)NC(=O)C3=N2)CC(C(C(COP(=O)(O)O)O)O)O",
,"A","ORO","C5 H4 N2 O4",156.096,"OROTIC ACID","InChI=1S/C5H4N2O4/c8-3-1-2(4(9)10)6-5(11)7-3/h1H,(H,9,10)(H2,6,7,8,11)","PXQPEWDEAKTCGB-UHFFFAOYSA-N","C1=C(NC(=O)NC1=O)C(=O)O",
,"A","SO4","O4 S",96.063,"SULFATE ION","InChI=1S/H2O4S/c1-5(2,3)4/h(H2,1,2,3,4)/p-2","QAOWNCQODCNURD-UHFFFAOYSA-L","[O-]S(=O)(=O)[O-]",
,"A","KFZ","C14 H12 Cl2 N4 O S",355.242,"2-{[(2,5-DICHLOROPHENYL)METHYL]SULFANYL}-5-ETHYL-[1,2,4]TRIAZOLO[1,5-A]PYRIMIDIN-7-OL","InChI=1S/C14H12Cl2N4OS/c1-2-10-6-12(21)20-13(17-10)18-14(19-20)22-7-8-5-9(15)3-4-11(8)16/h3-6,21H,2,7H2,1H3","HVAYQTZQQDSNCH-UHFFFAOYSA-N","CCc1cc(n2c(n1)nc(n2)SCc3cc(ccc3Cl)Cl)O",
,"A","ACT","C2 H3 O2",59.044,"ACETATE ION","InChI=1S/C2H4O2/c1-2(3)4/h1H3,(H,3,4)/p-1","QTBSBXVTEAMEQO-UHFFFAOYSA-M","CC(=O)[O-]",
,"A","CL","Cl",35.453,"CHLORIDE ION","InChI=1S/ClH/h1H/p-1","VEXZGXHMUGYJMC-UHFFFAOYSA-M","[Cl-]",
"3ZWS","A","FMN","C17 H21 N4 O9 P",456.344,"FLAVIN MONONUCLEOTIDE","InChI=1S/C17H21N4O9P/c1-7-3-9-10(4-8(7)2)21(15-13(18-9)16(25)20-17(26)19-15)5-11(22)14(24)12(23)6-30-31(27,28)29/h3-4,11-12,14,22-24H,5-6H2,1-2H3,(H,20,25,26)(H2,27,28,29)/t11-,12+,14-/m0/s1","FVTCRASFADXXNN-SCRDCRAPSA-N","Cc1cc2c(cc1C)N(C3=NC(=O)NC(=O)C3=N2)CC(C(C(COP(=O)(O)O)O)O)O",
,"A","ORO","C5 H4 N2 O4",156.096,"OROTIC ACID","InChI=1S/C5H4N2O4/c8-3-1-2(4(9)10)6-5(11)7-3/h1H,(H,9,10)(H2,6,7,8,11)","PXQPEWDEAKTCGB-UHFFFAOYSA-N","C1=C(NC(=O)NC1=O)C(=O)O",
,"A","SO4","O4 S",96.063,"SULFATE ION","InChI=1S/H2O4S/c1-5(2,3)4/h(H2,1,2,3,4)/p-2","QAOWNCQODCNURD-UHFFFAOYSA-L","[O-]S(=O)(=O)[O-]",
,"A","CL","Cl",35.453,"CHLORIDE ION","InChI=1S/ClH/h1H/p-1","VEXZGXHMUGYJMC-UHFFFAOYSA-M","[Cl-]",
,"A","AVQ","C13 H10 Cl2 N4 O S",341.216,"2-[(2,5-DICHLOROBENZYL)SULFANYL]-5-METHYL[1,2,4]TRIAZOLO[1,5-A]PYRIMIDIN-7-OL","InChI=1S/C13H10Cl2N4OS/c1-7-4-11(20)19-12(16-7)17-13(18-19)21-6-8-5-9(14)2-3-10(8)15/h2-5,20H,6H2,1H3","VQASKKWJQGYGRL-UHFFFAOYSA-N","Cc1cc(n2c(n1)nc(n2)SCc3cc(ccc3Cl)Cl)O",
,"A","ACT","C2 H3 O2",59.044,"ACETATE ION","InChI=1S/C2H4O2/c1-2(3)4/h1H3,(H,3,4)/p-1","QTBSBXVTEAMEQO-UHFFFAOYSA-M","CC(=O)[O-]",
"3KVM","A","SO4","O4 S",96.063,"SULFATE ION","InChI=1S/H2O4S/c1-5(2,3)4/h(H2,1,2,3,4)/p-2","QAOWNCQODCNURD-UHFFFAOYSA-L","[O-]S(=O)(=O)[O-]",
,"A","FMN","C17 H21 N4 O9 P",456.344,"FLAVIN MONONUCLEOTIDE","InChI=1S/C17H21N4O9P/c1-7-3-9-10(4-8(7)2)21(15-13(18-9)16(25)20-17(26)19-15)5-11(22)14(24)12(23)6-30-31(27,28)29/h3-4,11-12,14,22-24H,5-6H2,1-2H3,(H,20,25,26)(H2,27,28,29)/t11-,12+,14-/m0/s1","FVTCRASFADXXNN-SCRDCRAPSA-N","Cc1cc2c(cc1C)N(C3=NC(=O)NC(=O)C3=N2)CC(C(C(COP(=O)(O)O)O)O)O",
,"A","DOR","C5 H6 N2 O4",158.112,"(4S)-2,6-DIOXOHEXAHYDROPYRIMIDINE-4-CARBOXYLIC ACID","InChI=1S/C5H6N2O4/c8-3-1-2(4(9)10)6-5(11)7-3/h2H,1H2,(H,9,10)(H2,6,7,8,11)/t2-/m0/s1","UFIVEPVSAGBUSI-REOHCLBHSA-N","C1C(NC(=O)NC1=O)C(=O)O",
,"A","DET","C13 H29 N O",215.375,"UNDECYLAMINE-N,N-DIMETHYL-N-OXIDE","InChI=1S/C13H29NO/c1-4-5-6-7-8-9-10-11-12-13-14(2,3)15/h4-13H2,1-3H3","OZHBUVQCJMARBN-UHFFFAOYSA-N","CCCCCCCCCCC[N+](C)(C)[O-]",
,"A","ACT","C2 H3 O2",59.044,"ACETATE ION","InChI=1S/C2H4O2/c1-2(3)4/h1H3,(H,3,4)/p-1","QTBSBXVTEAMEQO-UHFFFAOYSA-M","CC(=O)[O-]",
,"A","951","C18 H13 Cl N2 O3",340.76,"2-[(2E)-2-{[5-(2-chlorophenyl)furan-2-yl]methylidene}hydrazino]benzoic acid","InChI=1S/C18H13ClN2O3/c19-15-7-3-1-5-13(15)17-10-9-12(24-17)11-20-21-16-8-4-2-6-14(16)18(22)23/h1-11,21H,(H,22,23)/b20-11+","NMDZDMNJLCAJMA-RGVLZGJSSA-N","c1ccc(c(c1)c2ccc(o2)C=NNc3ccccc3C(=O)O)Cl",
"3KVL","A","SO4","O4 S",96.063,"SULFATE ION","InChI=1S/H2O4S/c1-5(2,3)4/h(H2,1,2,3,4)/p-2","QAOWNCQODCNURD-UHFFFAOYSA-L","[O-]S(=O)(=O)[O-]",
,"A","FMN","C17 H21 N4 O9 P",456.344,"FLAVIN MONONUCLEOTIDE","InChI=1S/C17H21N4O9P/c1-7-3-9-10(4-8(7)2)21(15-13(18-9)16(25)20-17(26)19-15)5-11(22)14(24)12(23)6-30-31(27,28)29/h3-4,11-12,14,22-24H,5-6H2,1-2H3,(H,20,25,26)(H2,27,28,29)/t11-,12+,14-/m0/s1","FVTCRASFADXXNN-SCRDCRAPSA-N","Cc1cc2c(cc1C)N(C3=NC(=O)NC(=O)C3=N2)CC(C(C(COP(=O)(O)O)O)O)O",
,"A","DOR","C5 H6 N2 O4",158.112,"(4S)-2,6-DIOXOHEXAHYDROPYRIMIDINE-4-CARBOXYLIC ACID","InChI=1S/C5H6N2O4/c8-3-1-2(4(9)10)6-5(11)7-3/h2H,1H2,(H,9,10)(H2,6,7,8,11)/t2-/m0/s1","UFIVEPVSAGBUSI-REOHCLBHSA-N","C1C(NC(=O)NC1=O)C(=O)O",
,"A","DET","C13 H29 N O",215.375,"UNDECYLAMINE-N,N-DIMETHYL-N-OXIDE","InChI=1S/C13H29NO/c1-4-5-6-7-8-9-10-11-12-13-14(2,3)15/h4-13H2,1-3H3","OZHBUVQCJMARBN-UHFFFAOYSA-N","CCCCCCCCCCC[N+](C)(C)[O-]",
,"A","ACT","C2 H3 O2",59.044,"ACETATE ION","InChI=1S/C2H4O2/c1-2(3)4/h1H3,(H,3,4)/p-1","QTBSBXVTEAMEQO-UHFFFAOYSA-M","CC(=O)[O-]",
,"A","7Z5","C17 H19 N3 O3",313.351,"5-[methyl(pyridin-3-ylmethyl)amino]-2-(propanoylamino)benzoic acid","InChI=1S/C17H19N3O3/c1-3-16(21)19-15-7-6-13(9-14(15)17(22)23)20(2)11-12-5-4-8-18-10-12/h4-10H,3,11H2,1-2H3,(H,19,21)(H,22,23)","GXDVHWJUYDHZKB-UHFFFAOYSA-N","CCC(=O)Nc1ccc(cc1C(=O)O)N(C)Cc2cccnc2",
"3KVK","A","SO4","O4 S",96.063,"SULFATE ION","InChI=1S/H2O4S/c1-5(2,3)4/h(H2,1,2,3,4)/p-2","QAOWNCQODCNURD-UHFFFAOYSA-L","[O-]S(=O)(=O)[O-]",
,"A","FMN","C17 H21 N4 O9 P",456.344,"FLAVIN MONONUCLEOTIDE","InChI=1S/C17H21N4O9P/c1-7-3-9-10(4-8(7)2)21(15-13(18-9)16(25)20-17(26)19-15)5-11(22)14(24)12(23)6-30-31(27,28)29/h3-4,11-12,14,22-24H,5-6H2,1-2H3,(H,20,25,26)(H2,27,28,29)/t11-,12+,14-/m0/s1","FVTCRASFADXXNN-SCRDCRAPSA-N","Cc1cc2c(cc1C)N(C3=NC(=O)NC(=O)C3=N2)CC(C(C(COP(=O)(O)O)O)O)O",
,"A","DOR","C5 H6 N2 O4",158.112,"(4S)-2,6-DIOXOHEXAHYDROPYRIMIDINE-4-CARBOXYLIC ACID","InChI=1S/C5H6N2O4/c8-3-1-2(4(9)10)6-5(11)7-3/h2H,1H2,(H,9,10)(H2,6,7,8,11)/t2-/m0/s1","UFIVEPVSAGBUSI-REOHCLBHSA-N","C1C(NC(=O)NC1=O)C(=O)O",
,"A","DET","C13 H29 N O",215.375,"UNDECYLAMINE-N,N-DIMETHYL-N-OXIDE","InChI=1S/C13H29NO/c1-4-5-6-7-8-9-10-11-12-13-14(2,3)15/h4-13H2,1-3H3","OZHBUVQCJMARBN-UHFFFAOYSA-N","CCCCCCCCCCC[N+](C)(C)[O-]",
,"A","6X1","C14 H10 Cl2 N2 O3",325.147,"2-{[(3,5-dichlorophenyl)carbamoyl]amino}benzoic acid","InChI=1S/C14H10Cl2N2O3/c15-8-5-9(16)7-10(6-8)17-14(21)18-12-4-2-1-3-11(12)13(19)20/h1-7H,(H,19,20)(H2,17,18,21)","PIWYMPXOKMFVER-UHFFFAOYSA-N","c1ccc(c(c1)C(=O)O)NC(=O)Nc2cc(cc(c2)Cl)Cl",
"3KVJ","A","SO4","O4 S",96.063,"SULFATE ION","InChI=1S/H2O4S/c1-5(2,3)4/h(H2,1,2,3,4)/p-2","QAOWNCQODCNURD-UHFFFAOYSA-L","[O-]S(=O)(=O)[O-]",
,"A","FMN","C17 H21 N4 O9 P",456.344,"FLAVIN MONONUCLEOTIDE","InChI=1S/C17H21N4O9P/c1-7-3-9-10(4-8(7)2)21(15-13(18-9)16(25)20-17(26)19-15)5-11(22)14(24)12(23)6-30-31(27,28)29/h3-4,11-12,14,22-24H,5-6H2,1-2H3,(H,20,25,26)(H2,27,28,29)/t11-,12+,14-/m0/s1","FVTCRASFADXXNN-SCRDCRAPSA-N","Cc1cc2c(cc1C)N(C3=NC(=O)NC(=O)C3=N2)CC(C(C(COP(=O)(O)O)O)O)O",
,"A","DOR","C5 H6 N2 O4",158.112,"(4S)-2,6-DIOXOHEXAHYDROPYRIMIDINE-4-CARBOXYLIC ACID","InChI=1S/C5H6N2O4/c8-3-1-2(4(9)10)6-5(11)7-3/h2H,1H2,(H,9,10)(H2,6,7,8,11)/t2-/m0/s1","UFIVEPVSAGBUSI-REOHCLBHSA-N","C1C(NC(=O)NC1=O)C(=O)O",
,"A","DET","C13 H29 N O",215.375,"UNDECYLAMINE-N,N-DIMETHYL-N-OXIDE","InChI=1S/C13H29NO/c1-4-5-6-7-8-9-10-11-12-13-14(2,3)15/h4-13H2,1-3H3","OZHBUVQCJMARBN-UHFFFAOYSA-N","CCCCCCCCCCC[N+](C)(C)[O-]",
,"A","ACT","C2 H3 O2",59.044,"ACETATE ION","InChI=1S/C2H4O2/c1-2(3)4/h1H3,(H,3,4)/p-1","QTBSBXVTEAMEQO-UHFFFAOYSA-M","CC(=O)[O-]",
,"A","1X5","C18 H19 N3 O3",325.362,"2-[(cyclopropylcarbonyl)amino]-5-[methyl(pyridin-3-ylmethyl)amino]benzoic acid","InChI=1S/C18H19N3O3/c1-21(11-12-3-2-8-19-10-12)14-6-7-16(15(9-14)18(23)24)20-17(22)13-4-5-13/h2-3,6-10,13H,4-5,11H2,1H3,(H,20,22)(H,23,24)","XLLCMCCHDIWDPC-UHFFFAOYSA-N","CN(Cc1cccnc1)c2ccc(c(c2)C(=O)O)NC(=O)C3CC3",
"5ZF8","A","FMN","C17 H21 N4 O9 P",456.344,"FLAVIN MONONUCLEOTIDE","InChI=1S/C17H21N4O9P/c1-7-3-9-10(4-8(7)2)21(15-13(18-9)16(25)20-17(26)19-15)5-11(22)14(24)12(23)6-30-31(27,28)29/h3-4,11-12,14,22-24H,5-6H2,1-2H3,(H,20,25,26)(H2,27,28,29)/t11-,12+,14-/m0/s1","FVTCRASFADXXNN-SCRDCRAPSA-N","Cc1cc2c(cc1C)N(C3=NC(=O)NC(=O)C3=N2)CC(C(C(COP(=O)(O)O)O)O)O",
,"A","ORO","C5 H4 N2 O4",156.096,"OROTIC ACID","InChI=1S/C5H4N2O4/c8-3-1-2(4(9)10)6-5(11)7-3/h1H,(H,9,10)(H2,6,7,8,11)","PXQPEWDEAKTCGB-UHFFFAOYSA-N","C1=C(NC(=O)NC1=O)C(=O)O",
,"A","ACT","C2 H3 O2",59.044,"ACETATE ION","InChI=1S/C2H4O2/c1-2(3)4/h1H3,(H,3,4)/p-1","QTBSBXVTEAMEQO-UHFFFAOYSA-M","CC(=O)[O-]",
,"A","SO4","O4 S",96.063,"SULFATE ION","InChI=1S/H2O4S/c1-5(2,3)4/h(H2,1,2,3,4)/p-2","QAOWNCQODCNURD-UHFFFAOYSA-L","[O-]S(=O)(=O)[O-]",
,"A","9BO","C21 H27 Cl O5",394.889,"(2S,3E,7E)-9-(3-chloro-5-formyl-2,6-dihydroxy-4-methylphenyl)-3,7-dimethylnona-3,7-dien-2-yl acetate","InChI=1S/C21H27ClO5/c1-12(7-6-8-13(2)15(4)27-16(5)24)9-10-17-20(25)18(11-23)14(3)19(22)21(17)26/h8-9,11,15,25-26H,6-7,10H2,1-5H3/b12-9+,13-8+/t15-/m0/s1","YBGJUDVVSGWLOR-KYXQLXBKSA-N","Cc1c(c(c(c(c1Cl)O)CC=C(C)CCC=C(C)C(C)OC(=O)C)O)C=O",
"5ZF9","A","FMN","C17 H21 N4 O9 P",456.344,"FLAVIN MONONUCLEOTIDE","InChI=1S/C17H21N4O9P/c1-7-3-9-10(4-8(7)2)21(15-13(18-9)16(25)20-17(26)19-15)5-11(22)14(24)12(23)6-30-31(27,28)29/h3-4,11-12,14,22-24H,5-6H2,1-2H3,(H,20,25,26)(H2,27,28,29)/t11-,12+,14-/m0/s1","FVTCRASFADXXNN-SCRDCRAPSA-N","Cc1cc2c(cc1C)N(C3=NC(=O)NC(=O)C3=N2)CC(C(C(COP(=O)(O)O)O)O)O",
,"A","ORO","C5 H4 N2 O4",156.096,"OROTIC ACID","InChI=1S/C5H4N2O4/c8-3-1-2(4(9)10)6-5(11)7-3/h1H,(H,9,10)(H2,6,7,8,11)","PXQPEWDEAKTCGB-UHFFFAOYSA-N","C1=C(NC(=O)NC1=O)C(=O)O",
,"A","ACT","C2 H3 O2",59.044,"ACETATE ION","InChI=1S/C2H4O2/c1-2(3)4/h1H3,(H,3,4)/p-1","QTBSBXVTEAMEQO-UHFFFAOYSA-M","CC(=O)[O-]",
,"A","SO4","O4 S",96.063,"SULFATE ION","InChI=1S/H2O4S/c1-5(2,3)4/h(H2,1,2,3,4)/p-2","QAOWNCQODCNURD-UHFFFAOYSA-L","[O-]S(=O)(=O)[O-]",
,"A","9BR","C23 H31 Cl O3",390.943,"3-chloro-4,6-dihydroxy-2-methyl-5-[(2E,6E)-3,7,11-trimethyldodeca-2,6,10-trien-1-yl]benzaldehyde","InChI=1S/C23H31ClO3/c1-15(2)8-6-9-16(3)10-7-11-17(4)12-13-19-22(26)20(14-25)18(5)21(24)23(19)27/h8,10,12,14,26-27H,6-7,9,11,13H2,1-5H3/b16-10+,17-12+","MHWOMRMBQGSTFS-JTCWOHKRSA-N","Cc1c(c(c(c(c1Cl)O)CC=C(C)CCC=C(C)CCC=C(C)C)O)C=O",
"5ZF7","A","FMN","C17 H21 N4 O9 P",456.344,"FLAVIN MONONUCLEOTIDE","InChI=1S/C17H21N4O9P/c1-7-3-9-10(4-8(7)2)21(15-13(18-9)16(25)20-17(26)19-15)5-11(22)14(24)12(23)6-30-31(27,28)29/h3-4,11-12,14,22-24H,5-6H2,1-2H3,(H,20,25,26)(H2,27,28,29)/t11-,12+,14-/m0/s1","FVTCRASFADXXNN-SCRDCRAPSA-N","Cc1cc2c(cc1C)N(C3=NC(=O)NC(=O)C3=N2)CC(C(C(COP(=O)(O)O)O)O)O",
,"A","ORO","C5 H4 N2 O4",156.096,"OROTIC ACID","InChI=1S/C5H4N2O4/c8-3-1-2(4(9)10)6-5(11)7-3/h1H,(H,9,10)(H2,6,7,8,11)","PXQPEWDEAKTCGB-UHFFFAOYSA-N","C1=C(NC(=O)NC1=O)C(=O)O",
,"A","ACT","C2 H3 O2",59.044,"ACETATE ION","InChI=1S/C2H4O2/c1-2(3)4/h1H3,(H,3,4)/p-1","QTBSBXVTEAMEQO-UHFFFAOYSA-M","CC(=O)[O-]",
,"A","SO4","O4 S",96.063,"SULFATE ION","InChI=1S/H2O4S/c1-5(2,3)4/h(H2,1,2,3,4)/p-2","QAOWNCQODCNURD-UHFFFAOYSA-L","[O-]S(=O)(=O)[O-]",
,"A","CHW","C19 H25 Cl O4",352.852,"3-chloro-4,6-dihydroxy-5-[(2E,6E,8S)-8-hydroxy-3,7-dimethylnona-2,6-dien-1-yl]-2-methylbenzaldehyde","InChI=1S/C19H25ClO4/c1-11(6-5-7-12(2)14(4)22)8-9-15-18(23)16(10-21)13(3)17(20)19(15)24/h7-8,10,14,22-24H,5-6,9H2,1-4H3/b11-8+,12-7+/t14-/m0/s1","OFCDDOBCQZHXDK-KCURMNHOSA-N","Cc1c(c(c(c(c1Cl)O)CC=C(C)CCC=C(C)C(C)O)O)C=O",
"5ZF4","A","FMN","C17 H21 N4 O9 P",456.344,"FLAVIN MONONUCLEOTIDE","InChI=1S/C17H21N4O9P/c1-7-3-9-10(4-8(7)2)21(15-13(18-9)16(25)20-17(26)19-15)5-11(22)14(24)12(23)6-30-31(27,28)29/h3-4,11-12,14,22-24H,5-6H2,1-2H3,(H,20,25,26)(H2,27,28,29)/t11-,12+,14-/m0/s1","FVTCRASFADXXNN-SCRDCRAPSA-N","Cc1cc2c(cc1C)N(C3=NC(=O)NC(=O)C3=N2)CC(C(C(COP(=O)(O)O)O)O)O",
,"A","ORO","C5 H4 N2 O4",156.096,"OROTIC ACID","InChI=1S/C5H4N2O4/c8-3-1-2(4(9)10)6-5(11)7-3/h1H,(H,9,10)(H2,6,7,8,11)","PXQPEWDEAKTCGB-UHFFFAOYSA-N","C1=C(NC(=O)NC1=O)C(=O)O",
,"A","SO4","O4 S",96.063,"SULFATE ION","InChI=1S/H2O4S/c1-5(2,3)4/h(H2,1,2,3,4)/p-2","QAOWNCQODCNURD-UHFFFAOYSA-L","[O-]S(=O)(=O)[O-]",
,"A","ACT","C2 H3 O2",59.044,"ACETATE ION","InChI=1S/C2H4O2/c1-2(3)4/h1H3,(H,3,4)/p-1","QTBSBXVTEAMEQO-UHFFFAOYSA-M","CC(=O)[O-]",
,"A","9BL","C19 H23 Cl O5",366.836,"methyl (2E,6E)-8-(3-chloro-5-formyl-2,6-dihydroxy-4-methylphenyl)-2,6-dimethylocta-2,6-dienoate","InChI=1S/C19H23ClO5/c1-11(6-5-7-12(2)19(24)25-4)8-9-14-17(22)15(10-21)13(3)16(20)18(14)23/h7-8,10,22-23H,5-6,9H2,1-4H3/b11-8+,12-7+","MGCXWBJRVAUHQF-NFLJZBCPSA-N","Cc1c(c(c(c(c1Cl)O)CC=C(C)CCC=C(C)C(=O)OC)O)C=O",
"6SYP","AAA","FMN","C17 H21 N4 O9 P",456.344,"FLAVIN MONONUCLEOTIDE","InChI=1S/C17H21N4O9P/c1-7-3-9-10(4-8(7)2)21(15-13(18-9)16(25)20-17(26)19-15)5-11(22)14(24)12(23)6-30-31(27,28)29/h3-4,11-12,14,22-24H,5-6H2,1-2H3,(H,20,25,26)(H2,27,28,29)/t11-,12+,14-/m0/s1","FVTCRASFADXXNN-SCRDCRAPSA-N","Cc1cc2c(cc1C)N(C3=NC(=O)NC(=O)C3=N2)CC(C(C(COP(=O)(O)O)O)O)O",
,"AAA","ORO","C5 H4 N2 O4",156.096,"OROTIC ACID","InChI=1S/C5H4N2O4/c8-3-1-2(4(9)10)6-5(11)7-3/h1H,(H,9,10)(H2,6,7,8,11)","PXQPEWDEAKTCGB-UHFFFAOYSA-N","C1=C(NC(=O)NC1=O)C(=O)O",
,"AAA","SO4","O4 S",96.063,"SULFATE ION","InChI=1S/H2O4S/c1-5(2,3)4/h(H2,1,2,3,4)/p-2","QAOWNCQODCNURD-UHFFFAOYSA-L","[O-]S(=O)(=O)[O-]",
,"AAA","M0B","C21 H20 F3 N3 O2",403.398,"2-[4-[2,6-bis(fluoranyl)phenoxy]-5-methyl-3-propan-2-yloxy-pyrazol-1-yl]-5-cyclopropyl-3-fluoranyl-pyridine","InChI=1S/C21H20F3N3O2/c1-11(2)28-21-18(29-19-15(22)5-4-6-16(19)23)12(3)27(26-21)20-17(24)9-14(10-25-20)13-7-8-13/h4-6,9-11,13H,7-8H2,1-3H3","JNAABFZPXJJMPX-UHFFFAOYSA-N","Cc1c(c(nn1c2c(cc(cn2)C3CC3)F)OC(C)C)Oc4c(cccc4F)F",SUBJECT_OF_INVESTIGATION,
"4RR4","A","FMN","C17 H21 N4 O9 P",456.344,"FLAVIN MONONUCLEOTIDE","InChI=1S/C17H21N4O9P/c1-7-3-9-10(4-8(7)2)21(15-13(18-9)16(25)20-17(26)19-15)5-11(22)14(24)12(23)6-30-31(27,28)29/h3-4,11-12,14,22-24H,5-6H2,1-2H3,(H,20,25,26)(H2,27,28,29)/t11-,12+,14-/m0/s1","FVTCRASFADXXNN-SCRDCRAPSA-N","Cc1cc2c(cc1C)N(C3=NC(=O)NC(=O)C3=N2)CC(C(C(COP(=O)(O)O)O)O)O",
,"A","ORO","C5 H4 N2 O4",156.096,"OROTIC ACID","InChI=1S/C5H4N2O4/c8-3-1-2(4(9)10)6-5(11)7-3/h1H,(H,9,10)(H2,6,7,8,11)","PXQPEWDEAKTCGB-UHFFFAOYSA-N","C1=C(NC(=O)NC1=O)C(=O)O",
,"A","3V1","C24 H19 Cl N4 O4 S",494.95,"2-chloro-N-[3-(4-{[(2Z)-2-cyano-3-cyclopropyl-3-hydroxyprop-2-enoyl]amino}phenoxy)phenyl]-4-methyl-1,3-thiazole-5-carboxamide","InChI=1S/C24H19ClN4O4S/c1-13-21(34-24(25)27-13)23(32)29-16-3-2-4-18(11-16)33-17-9-7-15(8-10-17)28-22(31)19(12-26)20(30)14-5-6-14/h2-4,7-11,14,30H,5-6H2,1H3,(H,28,31)(H,29,32)/b20-19-","LSKVCRHBWSIYNZ-VXPUYCOJSA-N","Cc1c(sc(n1)Cl)C(=O)Nc2cccc(c2)Oc3ccc(cc3)NC(=O)C(=C(C4CC4)O)C#N",
,"A","SO4","O4 S",96.063,"SULFATE ION","InChI=1S/H2O4S/c1-5(2,3)4/h(H2,1,2,3,4)/p-2","QAOWNCQODCNURD-UHFFFAOYSA-L","[O-]S(=O)(=O)[O-]",
"4ZMG","A","FMN","C17 H21 N4 O9 P",456.344,"FLAVIN MONONUCLEOTIDE","InChI=1S/C17H21N4O9P/c1-7-3-9-10(4-8(7)2)21(15-13(18-9)16(25)20-17(26)19-15)5-11(22)14(24)12(23)6-30-31(27,28)29/h3-4,11-12,14,22-24H,5-6H2,1-2H3,(H,20,25,26)(H2,27,28,29)/t11-,12+,14-/m0/s1","FVTCRASFADXXNN-SCRDCRAPSA-N","Cc1cc2c(cc1C)N(C3=NC(=O)NC(=O)C3=N2)CC(C(C(COP(=O)(O)O)O)O)O",
,"A","ORO","C5 H4 N2 O4",156.096,"OROTIC ACID","InChI=1S/C5H4N2O4/c8-3-1-2(4(9)10)6-5(11)7-3/h1H,(H,9,10)(H2,6,7,8,11)","PXQPEWDEAKTCGB-UHFFFAOYSA-N","C1=C(NC(=O)NC1=O)C(=O)O",
,"A","4R5","C17 H13 F2 N3 O2 S",361.366,"1-(3,5-difluoro-3'-methoxybiphenyl-4-yl)-3-(1,3-thiazol-5-yl)urea","InChI=1S/C17H13F2N3O2S/c1-24-12-4-2-3-10(5-12)11-6-13(18)16(14(19)7-11)22-17(23)21-15-8-20-9-25-15/h2-9H,1H3,(H2,21,22,23)","FLPJNPHNEKGCBD-UHFFFAOYSA-N","COc1cccc(c1)c2cc(c(c(c2)F)NC(=O)Nc3cncs3)F",
,"A","SO4","O4 S",96.063,"SULFATE ION","InChI=1S/H2O4S/c1-5(2,3)4/h(H2,1,2,3,4)/p-2","QAOWNCQODCNURD-UHFFFAOYSA-L","[O-]S(=O)(=O)[O-]",
,"A","ACT","C2 H3 O2",59.044,"ACETATE ION","InChI=1S/C2H4O2/c1-2(3)4/h1H3,(H,3,4)/p-1","QTBSBXVTEAMEQO-UHFFFAOYSA-M","CC(=O)[O-]",
"5ZFA","A","FMN","C17 H21 N4 O9 P",456.344,"FLAVIN MONONUCLEOTIDE","InChI=1S/C17H21N4O9P/c1-7-3-9-10(4-8(7)2)21(15-13(18-9)16(25)20-17(26)19-15)5-11(22)14(24)12(23)6-30-31(27,28)29/h3-4,11-12,14,22-24H,5-6H2,1-2H3,(H,20,25,26)(H2,27,28,29)/t11-,12+,14-/m0/s1","FVTCRASFADXXNN-SCRDCRAPSA-N","Cc1cc2c(cc1C)N(C3=NC(=O)NC(=O)C3=N2)CC(C(C(COP(=O)(O)O)O)O)O",
,"A","ORO","C5 H4 N2 O4",156.096,"OROTIC ACID","InChI=1S/C5H4N2O4/c8-3-1-2(4(9)10)6-5(11)7-3/h1H,(H,9,10)(H2,6,7,8,11)","PXQPEWDEAKTCGB-UHFFFAOYSA-N","C1=C(NC(=O)NC1=O)C(=O)O",
,"A","ACT","C2 H3 O2",59.044,"ACETATE ION","InChI=1S/C2H4O2/c1-2(3)4/h1H3,(H,3,4)/p-1","QTBSBXVTEAMEQO-UHFFFAOYSA-M","CC(=O)[O-]",
,"A","SO4","O4 S",96.063,"SULFATE ION","InChI=1S/H2O4S/c1-5(2,3)4/h(H2,1,2,3,4)/p-2","QAOWNCQODCNURD-UHFFFAOYSA-L","[O-]S(=O)(=O)[O-]",
,"A","9BU","C22 H29 Cl O5",408.916,"(2E,6E)-8-(3-chloro-5-formyl-2,6-dihydroxy-4-methylphenyl)-3,6-dimethylocta-2,6-dien-1-yl 2-methylpropanoate","InChI=1S/C22H29ClO5/c1-13(2)22(27)28-11-10-15(4)7-6-14(3)8-9-17-20(25)18(12-24)16(5)19(23)21(17)26/h8,10,12-13,25-26H,6-7,9,11H2,1-5H3/b14-8+,15-10+","CDSDGHDLPGSGAB-UYSZGSBFSA-N","Cc1c(c(c(c(c1Cl)O)CC=C(C)CCC(=CCOC(=O)C(C)C)C)O)C=O",
"5HQE","A","64B","C14 H11 F N2 O4 S",322.312,"methyl (2Z)-cyano[3-(2-fluoro-4-methoxyphenyl)-4-oxo-1,3-thiazolidin-2-ylidene]acetate","InChI=1S/C14H11FN2O4S/c1-20-8-3-4-11(10(15)5-8)17-12(18)7-22-13(17)9(6-16)14(19)21-2/h3-5H,7H2,1-2H3/b13-9-","XAORSEKHZCMSPW-LCYFTJDESA-N","COc1ccc(c(c1)F)N2C(=O)CSC2=C(C#N)C(=O)OC",
,"A","FMN","C17 H21 N4 O9 P",456.344,"FLAVIN MONONUCLEOTIDE","InChI=1S/C17H21N4O9P/c1-7-3-9-10(4-8(7)2)21(15-13(18-9)16(25)20-17(26)19-15)5-11(22)14(24)12(23)6-30-31(27,28)29/h3-4,11-12,14,22-24H,5-6H2,1-2H3,(H,20,25,26)(H2,27,28,29)/t11-,12+,14-/m0/s1","FVTCRASFADXXNN-SCRDCRAPSA-N","Cc1cc2c(cc1C)N(C3=NC(=O)NC(=O)C3=N2)CC(C(C(COP(=O)(O)O)O)O)O",
,"A","ORO","C5 H4 N2 O4",156.096,"OROTIC ACID","InChI=1S/C5H4N2O4/c8-3-1-2(4(9)10)6-5(11)7-3/h1H,(H,9,10)(H2,6,7,8,11)","PXQPEWDEAKTCGB-UHFFFAOYSA-N","C1=C(NC(=O)NC1=O)C(=O)O",
,"A","SO4","O4 S",96.063,"SULFATE ION","InChI=1S/H2O4S/c1-5(2,3)4/h(H2,1,2,3,4)/p-2","QAOWNCQODCNURD-UHFFFAOYSA-L","[O-]S(=O)(=O)[O-]",
,"A","ACT","C2 H3 O2",59.044,"ACETATE ION","InChI=1S/C2H4O2/c1-2(3)4/h1H3,(H,3,4)/p-1","QTBSBXVTEAMEQO-UHFFFAOYSA-M","CC(=O)[O-]",
"4ZL1","A","ORO","C5 H4 N2 O4",156.096,"OROTIC ACID","InChI=1S/C5H4N2O4/c8-3-1-2(4(9)10)6-5(11)7-3/h1H,(H,9,10)(H2,6,7,8,11)","PXQPEWDEAKTCGB-UHFFFAOYSA-N","C1=C(NC(=O)NC1=O)C(=O)O",
,"A","FMN","C17 H21 N4 O9 P",456.344,"FLAVIN MONONUCLEOTIDE","InChI=1S/C17H21N4O9P/c1-7-3-9-10(4-8(7)2)21(15-13(18-9)16(25)20-17(26)19-15)5-11(22)14(24)12(23)6-30-31(27,28)29/h3-4,11-12,14,22-24H,5-6H2,1-2H3,(H,20,25,26)(H2,27,28,29)/t11-,12+,14-/m0/s1","FVTCRASFADXXNN-SCRDCRAPSA-N","Cc1cc2c(cc1C)N(C3=NC(=O)NC(=O)C3=N2)CC(C(C(COP(=O)(O)O)O)O)O",
,"A","18X","C19 H13 F N2 O3 S",368.382,"methyl (2Z)-cyano[3-(3-fluorobiphenyl-4-yl)-4-oxo-1,3-thiazolidin-2-ylidene]acetate","InChI=1S/C19H13FN2O3S/c1-25-19(24)14(10-21)18-22(17(23)11-26-18)16-8-7-13(9-15(16)20)12-5-3-2-4-6-12/h2-9H,11H2,1H3/b18-14-","LPVBNESBSNMJKY-JXAWBTAJSA-N","COC(=O)C(=C1N(C(=O)CS1)c2ccc(cc2F)c3ccccc3)C#N",
,"A","SO4","O4 S",96.063,"SULFATE ION","InChI=1S/H2O4S/c1-5(2,3)4/h(H2,1,2,3,4)/p-2","QAOWNCQODCNURD-UHFFFAOYSA-L","[O-]S(=O)(=O)[O-]",
"2PRM","A","FMN","C17 H21 N4 O9 P",456.344,"FLAVIN MONONUCLEOTIDE","InChI=1S/C17H21N4O9P/c1-7-3-9-10(4-8(7)2)21(15-13(18-9)16(25)20-17(26)19-15)5-11(22)14(24)12(23)6-30-31(27,28)29/h3-4,11-12,14,22-24H,5-6H2,1-2H3,(H,20,25,26)(H2,27,28,29)/t11-,12+,14-/m0/s1","FVTCRASFADXXNN-SCRDCRAPSA-N","Cc1cc2c(cc1C)N(C3=NC(=O)NC(=O)C3=N2)CC(C(C(COP(=O)(O)O)O)O)O",
,"A","ORO","C5 H4 N2 O4",156.096,"OROTIC ACID","InChI=1S/C5H4N2O4/c8-3-1-2(4(9)10)6-5(11)7-3/h1H,(H,9,10)(H2,6,7,8,11)","PXQPEWDEAKTCGB-UHFFFAOYSA-N","C1=C(NC(=O)NC1=O)C(=O)O",
"4JTU","A","FMN","C17 H21 N4 O9 P",456.344,"FLAVIN MONONUCLEOTIDE","InChI=1S/C17H21N4O9P/c1-7-3-9-10(4-8(7)2)21(15-13(18-9)16(25)20-17(26)19-15)5-11(22)14(24)12(23)6-30-31(27,28)29/h3-4,11-12,14,22-24H,5-6H2,1-2H3,(H,20,25,26)(H2,27,28,29)/t11-,12+,14-/m0/s1","FVTCRASFADXXNN-SCRDCRAPSA-N","Cc1cc2c(cc1C)N(C3=NC(=O)NC(=O)C3=N2)CC(C(C(COP(=O)(O)O)O)O)O",
,"A","ORO","C5 H4 N2 O4",156.096,"OROTIC ACID","InChI=1S/C5H4N2O4/c8-3-1-2(4(9)10)6-5(11)7-3/h1H,(H,9,10)(H2,6,7,8,11)","PXQPEWDEAKTCGB-UHFFFAOYSA-N","C1=C(NC(=O)NC1=O)C(=O)O",
,"A","SO4","O4 S",96.063,"SULFATE ION","InChI=1S/H2O4S/c1-5(2,3)4/h(H2,1,2,3,4)/p-2","QAOWNCQODCNURD-UHFFFAOYSA-L","[O-]S(=O)(=O)[O-]",
,"A","DET","C13 H29 N O",215.375,"UNDECYLAMINE-N,N-DIMETHYL-N-OXIDE","InChI=1S/C13H29NO/c1-4-5-6-7-8-9-10-11-12-13-14(2,3)15/h4-13H2,1-3H3","OZHBUVQCJMARBN-UHFFFAOYSA-N","CCCCCCCCCCC[N+](C)(C)[O-]",
,"A","JTU","C21 H20 Br N O2",398.293,"6-bromo-2-{4-[(2R)-butan-2-yl]phenyl}-3-methylquinoline-4-carboxylic acid","InChI=1S/C21H20BrNO2/c1-4-12(2)14-5-7-15(8-6-14)20-13(3)19(21(24)25)17-11-16(22)9-10-18(17)23-20/h5-12H,4H2,1-3H3,(H,24,25)/t12-/m1/s1","YMJMVVCOCCXSSD-GFCCVEGCSA-N","CCC(C)c1ccc(cc1)c2c(c(c3cc(ccc3n2)Br)C(=O)O)C",
"5HIN","A","FMN","C17 H21 N4 O9 P",456.344,"FLAVIN MONONUCLEOTIDE","InChI=1S/C17H21N4O9P/c1-7-3-9-10(4-8(7)2)21(15-13(18-9)16(25)20-17(26)19-15)5-11(22)14(24)12(23)6-30-31(27,28)29/h3-4,11-12,14,22-24H,5-6H2,1-2H3,(H,20,25,26)(H2,27,28,29)/t11-,12+,14-/m0/s1","FVTCRASFADXXNN-SCRDCRAPSA-N","Cc1cc2c(cc1C)N(C3=NC(=O)NC(=O)C3=N2)CC(C(C(COP(=O)(O)O)O)O)O",
,"A","ORO","C5 H4 N2 O4",156.096,"OROTIC ACID","InChI=1S/C5H4N2O4/c8-3-1-2(4(9)10)6-5(11)7-3/h1H,(H,9,10)(H2,6,7,8,11)","PXQPEWDEAKTCGB-UHFFFAOYSA-N","C1=C(NC(=O)NC1=O)C(=O)O",
,"A","SO4","O4 S",96.063,"SULFATE ION","InChI=1S/H2O4S/c1-5(2,3)4/h(H2,1,2,3,4)/p-2","QAOWNCQODCNURD-UHFFFAOYSA-L","[O-]S(=O)(=O)[O-]",
,"A","1KL","C24 H23 N3 O4 S",449.522,"methyl (2Z)-(3-{4-[(4-tert-butylphenyl)carbamoyl]phenyl}-4-oxo-1,3-thiazolidin-2-ylidene)(cyano)acetate","InChI=1S/C24H23N3O4S/c1-24(2,3)16-7-9-17(10-8-16)26-21(29)15-5-11-18(12-6-15)27-20(28)14-32-22(27)19(13-25)23(30)31-4/h5-12H,14H2,1-4H3,(H,26,29)/b22-19-","JBCLOAAJLMUGLP-QOCHGBHMSA-N","CC(C)(C)c1ccc(cc1)NC(=O)c2ccc(cc2)N3C(=O)CSC3=C(C#N)C(=O)OC",
,"A","ACT","C2 H3 O2",59.044,"ACETATE ION","InChI=1S/C2H4O2/c1-2(3)4/h1H3,(H,3,4)/p-1","QTBSBXVTEAMEQO-UHFFFAOYSA-M","CC(=O)[O-]",
"4JTT","A","FMN","C17 H21 N4 O9 P",456.344,"FLAVIN MONONUCLEOTIDE","InChI=1S/C17H21N4O9P/c1-7-3-9-10(4-8(7)2)21(15-13(18-9)16(25)20-17(26)19-15)5-11(22)14(24)12(23)6-30-31(27,28)29/h3-4,11-12,14,22-24H,5-6H2,1-2H3,(H,20,25,26)(H2,27,28,29)/t11-,12+,14-/m0/s1","FVTCRASFADXXNN-SCRDCRAPSA-N","Cc1cc2c(cc1C)N(C3=NC(=O)NC(=O)C3=N2)CC(C(C(COP(=O)(O)O)O)O)O",
,"A","ORO","C5 H4 N2 O4",156.096,"OROTIC ACID","InChI=1S/C5H4N2O4/c8-3-1-2(4(9)10)6-5(11)7-3/h1H,(H,9,10)(H2,6,7,8,11)","PXQPEWDEAKTCGB-UHFFFAOYSA-N","C1=C(NC(=O)NC1=O)C(=O)O",
,"A","SO4","O4 S",96.063,"SULFATE ION","InChI=1S/H2O4S/c1-5(2,3)4/h(H2,1,2,3,4)/p-2","QAOWNCQODCNURD-UHFFFAOYSA-L","[O-]S(=O)(=O)[O-]",
,"A","JTT","C16 H14 N2 O S",282.36,"2,4-dimethyl-N-(naphthalen-2-yl)-1,3-thiazole-5-carboxamide","InChI=1S/C16H14N2OS/c1-10-15(20-11(2)17-10)16(19)18-14-8-7-12-5-3-4-6-13(12)9-14/h3-9H,1-2H3,(H,18,19)","CXTLAWSTWSPWGT-UHFFFAOYSA-N","Cc1c(sc(n1)C)C(=O)Nc2ccc3ccccc3c2",
,"A","ACT","C2 H3 O2",59.044,"ACETATE ION","InChI=1S/C2H4O2/c1-2(3)4/h1H3,(H,3,4)/p-1","QTBSBXVTEAMEQO-UHFFFAOYSA-M","CC(=O)[O-]",
"6VND","A","GOL","C3 H8 O3",92.094,"GLYCEROL","InChI=1S/C3H8O3/c4-1-3(6)2-5/h3-6H,1-2H2","PEDCQBHIVMGVHV-UHFFFAOYSA-N","C(C(CO)O)O",
,"A","R4P","C21 H17 N3 O2",343.379,"1-methyl-5-(2'-methyl[1,1'-biphenyl]-4-yl)-1H-benzotriazole-7-carboxylic acid","InChI=1S/C21H17N3O2/c1-13-5-3-4-6-17(13)15-9-7-14(8-10-15)16-11-18(21(25)26)20-19(12-16)22-23-24(20)2/h3-12H,1-2H3,(H,25,26)","GSBZRCGZLMBSNY-UHFFFAOYSA-N","Cc1ccccc1c2ccc(cc2)c3cc(c4c(c3)nnn4C)C(=O)O",SUBJECT_OF_INVESTIGATION,
,"A","DET","C13 H29 N O",215.375,"UNDECYLAMINE-N,N-DIMETHYL-N-OXIDE","InChI=1S/C13H29NO/c1-4-5-6-7-8-9-10-11-12-13-14(2,3)15/h4-13H2,1-3H3","OZHBUVQCJMARBN-UHFFFAOYSA-N","CCCCCCCCCCC[N+](C)(C)[O-]",
,"A","DDQ","C12 H27 N O",201.349,"DECYLAMINE-N,N-DIMETHYL-N-OXIDE","InChI=1S/C12H27NO/c1-4-5-6-7-8-9-10-11-12-13(2,3)14/h4-12H2,1-3H3","ZRKZFNZPJKEWPC-UHFFFAOYSA-N","CCCCCCCCCC[N+](C)(C)[O-]",
,"A","CL","Cl",35.453,"CHLORIDE ION","InChI=1S/ClH/h1H/p-1","VEXZGXHMUGYJMC-UHFFFAOYSA-M","[Cl-]",
,"A","NA","Na",22.99,"SODIUM ION","InChI=1S/Na/q+1","FKNQFGJONOIPTF-UHFFFAOYSA-N","[Na+]",
,"A","FMN","C17 H21 N4 O9 P",456.344,"FLAVIN MONONUCLEOTIDE","InChI=1S/C17H21N4O9P/c1-7-3-9-10(4-8(7)2)21(15-13(18-9)16(25)20-17(26)19-15)5-11(22)14(24)12(23)6-30-31(27,28)29/h3-4,11-12,14,22-24H,5-6H2,1-2H3,(H,20,25,26)(H2,27,28,29)/t11-,12+,14-/m0/s1","FVTCRASFADXXNN-SCRDCRAPSA-N","Cc1cc2c(cc1C)N(C3=NC(=O)NC(=O)C3=N2)CC(C(C(COP(=O)(O)O)O)O)O",
,"A","ORO","C5 H4 N2 O4",156.096,"OROTIC ACID","InChI=1S/C5H4N2O4/c8-3-1-2(4(9)10)6-5(11)7-3/h1H,(H,9,10)(H2,6,7,8,11)","PXQPEWDEAKTCGB-UHFFFAOYSA-N","C1=C(NC(=O)NC1=O)C(=O)O",
,"A","ACT","C2 H3 O2",59.044,"ACETATE ION","InChI=1S/C2H4O2/c1-2(3)4/h1H3,(H,3,4)/p-1","QTBSBXVTEAMEQO-UHFFFAOYSA-M","CC(=O)[O-]",
"4JTS","A","FMN","C17 H21 N4 O9 P",456.344,"FLAVIN MONONUCLEOTIDE","InChI=1S/C17H21N4O9P/c1-7-3-9-10(4-8(7)2)21(15-13(18-9)16(25)20-17(26)19-15)5-11(22)14(24)12(23)6-30-31(27,28)29/h3-4,11-12,14,22-24H,5-6H2,1-2H3,(H,20,25,26)(H2,27,28,29)/t11-,12+,14-/m0/s1","FVTCRASFADXXNN-SCRDCRAPSA-N","Cc1cc2c(cc1C)N(C3=NC(=O)NC(=O)C3=N2)CC(C(C(COP(=O)(O)O)O)O)O",
,"A","ORO","C5 H4 N2 O4",156.096,"OROTIC ACID","InChI=1S/C5H4N2O4/c8-3-1-2(4(9)10)6-5(11)7-3/h1H,(H,9,10)(H2,6,7,8,11)","PXQPEWDEAKTCGB-UHFFFAOYSA-N","C1=C(NC(=O)NC1=O)C(=O)O",
,"A","SO4","O4 S",96.063,"SULFATE ION","InChI=1S/H2O4S/c1-5(2,3)4/h(H2,1,2,3,4)/p-2","QAOWNCQODCNURD-UHFFFAOYSA-L","[O-]S(=O)(=O)[O-]",
,"A","ACT","C2 H3 O2",59.044,"ACETATE ION","InChI=1S/C2H4O2/c1-2(3)4/h1H3,(H,3,4)/p-1","QTBSBXVTEAMEQO-UHFFFAOYSA-M","CC(=O)[O-]",
,"A","JTS","C15 H12 N2 O S",268.334,"4-methyl-N-(naphthalen-2-yl)-1,3-thiazole-5-carboxamide","InChI=1S/C15H12N2OS/c1-10-14(19-9-16-10)15(18)17-13-7-6-11-4-2-3-5-12(11)8-13/h2-9H,1H3,(H,17,18)","UZLLQPJAEOJDCI-UHFFFAOYSA-N","Cc1c(scn1)C(=O)Nc2ccc3ccccc3c2",
"2PRH","A","FMN","C17 H21 N4 O9 P",456.344,"FLAVIN MONONUCLEOTIDE","InChI=1S/C17H21N4O9P/c1-7-3-9-10(4-8(7)2)21(15-13(18-9)16(25)20-17(26)19-15)5-11(22)14(24)12(23)6-30-31(27,28)29/h3-4,11-12,14,22-24H,5-6H2,1-2H3,(H,20,25,26)(H2,27,28,29)/t11-,12+,14-/m0/s1","FVTCRASFADXXNN-SCRDCRAPSA-N","Cc1cc2c(cc1C)N(C3=NC(=O)NC(=O)C3=N2)CC(C(C(COP(=O)(O)O)O)O)O",
,"A","ORO","C5 H4 N2 O4",156.096,"OROTIC ACID","InChI=1S/C5H4N2O4/c8-3-1-2(4(9)10)6-5(11)7-3/h1H,(H,9,10)(H2,6,7,8,11)","PXQPEWDEAKTCGB-UHFFFAOYSA-N","C1=C(NC(=O)NC1=O)C(=O)O",
,"A","238","C23 H15 Cl F N O2",391.822,"6-CHLORO-2-(2'-FLUOROBIPHENYL-4-YL)-3-METHYLQUINOLINE-4-CARBOXYLIC ACID","InChI=1S/C23H15ClFNO2/c1-13-21(23(27)28)18-12-16(24)10-11-20(18)26-22(13)15-8-6-14(7-9-15)17-4-2-3-5-19(17)25/h2-12H,1H3,(H,27,28)","JMFHBQIOFLEORU-UHFFFAOYSA-N","Cc1c(c2cc(ccc2nc1c3ccc(cc3)c4ccccc4F)Cl)C(=O)O",
,"A","DDQ","C12 H27 N O",201.349,"DECYLAMINE-N,N-DIMETHYL-N-OXIDE","InChI=1S/C12H27NO/c1-4-5-6-7-8-9-10-11-12-13(2,3)14/h4-12H2,1-3H3","ZRKZFNZPJKEWPC-UHFFFAOYSA-N","CCCCCCCCCC[N+](C)(C)[O-]",
"3G0X","A","FMN","C17 H21 N4 O9 P",456.344,"FLAVIN MONONUCLEOTIDE","InChI=1S/C17H21N4O9P/c1-7-3-9-10(4-8(7)2)21(15-13(18-9)16(25)20-17(26)19-15)5-11(22)14(24)12(23)6-30-31(27,28)29/h3-4,11-12,14,22-24H,5-6H2,1-2H3,(H,20,25,26)(H2,27,28,29)/t11-,12+,14-/m0/s1","FVTCRASFADXXNN-SCRDCRAPSA-N","Cc1cc2c(cc1C)N(C3=NC(=O)NC(=O)C3=N2)CC(C(C(COP(=O)(O)O)O)O)O",
,"A","ORO","C5 H4 N2 O4",156.096,"OROTIC ACID","InChI=1S/C5H4N2O4/c8-3-1-2(4(9)10)6-5(11)7-3/h1H,(H,9,10)(H2,6,7,8,11)","PXQPEWDEAKTCGB-UHFFFAOYSA-N","C1=C(NC(=O)NC1=O)C(=O)O",
,"A","MD7","C19 H16 N2 O2",304.343,"(2Z)-N-biphenyl-4-yl-2-cyano-3-cyclopropyl-3-hydroxyprop-2-enamide","InChI=1S/C19H16N2O2/c20-12-17(18(22)15-6-7-15)19(23)21-16-10-8-14(9-11-16)13-4-2-1-3-5-13/h1-5,8-11,15,22H,6-7H2,(H,21,23)/b18-17-","CAGGGMPTWTUYHZ-ZCXUNETKSA-N","c1ccc(cc1)c2ccc(cc2)NC(=O)C(=C(C3CC3)O)C#N",
,"A","SO4","O4 S",96.063,"SULFATE ION","InChI=1S/H2O4S/c1-5(2,3)4/h(H2,1,2,3,4)/p-2","QAOWNCQODCNURD-UHFFFAOYSA-L","[O-]S(=O)(=O)[O-]",
"4RLI","A","FMN","C17 H21 N4 O9 P",456.344,"FLAVIN MONONUCLEOTIDE","InChI=1S/C17H21N4O9P/c1-7-3-9-10(4-8(7)2)21(15-13(18-9)16(25)20-17(26)19-15)5-11(22)14(24)12(23)6-30-31(27,28)29/h3-4,11-12,14,22-24H,5-6H2,1-2H3,(H,20,25,26)(H2,27,28,29)/t11-,12+,14-/m0/s1","FVTCRASFADXXNN-SCRDCRAPSA-N","Cc1cc2c(cc1C)N(C3=NC(=O)NC(=O)C3=N2)CC(C(C(COP(=O)(O)O)O)O)O",
,"A","ORO","C5 H4 N2 O4",156.096,"OROTIC ACID","InChI=1S/C5H4N2O4/c8-3-1-2(4(9)10)6-5(11)7-3/h1H,(H,9,10)(H2,6,7,8,11)","PXQPEWDEAKTCGB-UHFFFAOYSA-N","C1=C(NC(=O)NC1=O)C(=O)O",
,"A","3SH","C19 H17 Cl N2 O2 S",372.868,"ethyl 2-[(3-chloro-4-methylphenyl)amino]-4-phenyl-1,3-thiazole-5-carboxylate","InChI=1S/C19H17ClN2O2S/c1-3-24-18(23)17-16(13-7-5-4-6-8-13)22-19(25-17)21-14-10-9-12(2)15(20)11-14/h4-11H,3H2,1-2H3,(H,21,22)","CVZNJBZNWNMDTG-UHFFFAOYSA-N","CCOC(=O)c1c(nc(s1)Nc2ccc(c(c2)Cl)C)c3ccccc3",
"6IDJ","A","SO4","O4 S",96.063,"SULFATE ION","InChI=1S/H2O4S/c1-5(2,3)4/h(H2,1,2,3,4)/p-2","QAOWNCQODCNURD-UHFFFAOYSA-L","[O-]S(=O)(=O)[O-]",
,"A","ACT","C2 H3 O2",59.044,"ACETATE ION","InChI=1S/C2H4O2/c1-2(3)4/h1H3,(H,3,4)/p-1","QTBSBXVTEAMEQO-UHFFFAOYSA-M","CC(=O)[O-]",
,"A","FMN","C17 H21 N4 O9 P",456.344,"FLAVIN MONONUCLEOTIDE","InChI=1S/C17H21N4O9P/c1-7-3-9-10(4-8(7)2)21(15-13(18-9)16(25)20-17(26)19-15)5-11(22)14(24)12(23)6-30-31(27,28)29/h3-4,11-12,14,22-24H,5-6H2,1-2H3,(H,20,25,26)(H2,27,28,29)/t11-,12+,14-/m0/s1","FVTCRASFADXXNN-SCRDCRAPSA-N","Cc1cc2c(cc1C)N(C3=NC(=O)NC(=O)C3=N2)CC(C(C(COP(=O)(O)O)O)O)O",
,"A","ORO","C5 H4 N2 O4",156.096,"OROTIC ACID","InChI=1S/C5H4N2O4/c8-3-1-2(4(9)10)6-5(11)7-3/h1H,(H,9,10)(H2,6,7,8,11)","PXQPEWDEAKTCGB-UHFFFAOYSA-N","C1=C(NC(=O)NC1=O)C(=O)O",
,"A","9AU","C24 H30 O3",366.493,"4-oxidanyl-3-[(2~{E},6~{E})-3,7,11-trimethyldodeca-2,6,10-trienyl]chromen-2-one","InChI=1S/C24H30O3/c1-17(2)9-7-10-18(3)11-8-12-19(4)15-16-21-23(25)20-13-5-6-14-22(20)27-24(21)26/h5-6,9,11,13-15,25H,7-8,10,12,16H2,1-4H3/b18-11+,19-15+","NJJDBBUWWOAOLD-CFBAGHHKSA-N","CC(=CCCC(=CCCC(=CCC1=C(c2ccccc2OC1=O)O)C)C)C",
"2PRL","A","SO4","O4 S",96.063,"SULFATE ION","InChI=1S/H2O4S/c1-5(2,3)4/h(H2,1,2,3,4)/p-2","QAOWNCQODCNURD-UHFFFAOYSA-L","[O-]S(=O)(=O)[O-]",
,"A","ACT","C2 H3 O2",59.044,"ACETATE ION","InChI=1S/C2H4O2/c1-2(3)4/h1H3,(H,3,4)/p-1","QTBSBXVTEAMEQO-UHFFFAOYSA-M","CC(=O)[O-]",
,"A","FMN","C17 H21 N4 O9 P",456.344,"FLAVIN MONONUCLEOTIDE","InChI=1S/C17H21N4O9P/c1-7-3-9-10(4-8(7)2)21(15-13(18-9)16(25)20-17(26)19-15)5-11(22)14(24)12(23)6-30-31(27,28)29/h3-4,11-12,14,22-24H,5-6H2,1-2H3,(H,20,25,26)(H2,27,28,29)/t11-,12+,14-/m0/s1","FVTCRASFADXXNN-SCRDCRAPSA-N","Cc1cc2c(cc1C)N(C3=NC(=O)NC(=O)C3=N2)CC(C(C(COP(=O)(O)O)O)O)O",
,"A","ORO","C5 H4 N2 O4",156.096,"OROTIC ACID","InChI=1S/C5H4N2O4/c8-3-1-2(4(9)10)6-5(11)7-3/h1H,(H,9,10)(H2,6,7,8,11)","PXQPEWDEAKTCGB-UHFFFAOYSA-N","C1=C(NC(=O)NC1=O)C(=O)O",
,"A","R2C","C20 H17 N O4",335.353,"5-METHOXY-2-[(4-PHENOXYPHENYL)AMINO]BENZOIC ACID","InChI=1S/C20H17NO4/c1-24-17-11-12-19(18(13-17)20(22)23)21-14-7-9-16(10-8-14)25-15-5-3-2-4-6-15/h2-13,21H,1H3,(H,22,23)","YJRDHMUPONVWTE-UHFFFAOYSA-N","COc1ccc(c(c1)C(=O)O)Nc2ccc(cc2)Oc3ccccc3",
,"A","DDQ","C12 H27 N O",201.349,"DECYLAMINE-N,N-DIMETHYL-N-OXIDE","InChI=1S/C12H27NO/c1-4-5-6-7-8-9-10-11-12-13(2,3)14/h4-12H2,1-3H3","ZRKZFNZPJKEWPC-UHFFFAOYSA-N","CCCCCCCCCC[N+](C)(C)[O-]",
"3G0U","A","ORO","C5 H4 N2 O4",156.096,"OROTIC ACID","InChI=1S/C5H4N2O4/c8-3-1-2(4(9)10)6-5(11)7-3/h1H,(H,9,10)(H2,6,7,8,11)","PXQPEWDEAKTCGB-UHFFFAOYSA-N","C1=C(NC(=O)NC1=O)C(=O)O",
,"A","FMN","C17 H21 N4 O9 P",456.344,"FLAVIN MONONUCLEOTIDE","InChI=1S/C17H21N4O9P/c1-7-3-9-10(4-8(7)2)21(15-13(18-9)16(25)20-17(26)19-15)5-11(22)14(24)12(23)6-30-31(27,28)29/h3-4,11-12,14,22-24H,5-6H2,1-2H3,(H,20,25,26)(H2,27,28,29)/t11-,12+,14-/m0/s1","FVTCRASFADXXNN-SCRDCRAPSA-N","Cc1cc2c(cc1C)N(C3=NC(=O)NC(=O)C3=N2)CC(C(C(COP(=O)(O)O)O)O)O",
,"A","MDY","C18 H15 Cl N2 O3",342.776,"(2Z)-N-(3-chloro-2'-methoxybiphenyl-4-yl)-2-cyano-3-hydroxybut-2-enamide","InChI=1S/C18H15ClN2O3/c1-11(22)14(10-20)18(23)21-16-8-7-12(9-15(16)19)13-5-3-4-6-17(13)24-2/h3-9,22H,1-2H3,(H,21,23)/b14-11-","YUDQXOMZBLEWBH-KAMYIIQDSA-N","CC(=C(C#N)C(=O)Nc1ccc(cc1Cl)c2ccccc2OC)O",
"6M2B","A","FMN","C17 H21 N4 O9 P",456.344,"FLAVIN MONONUCLEOTIDE","InChI=1S/C17H21N4O9P/c1-7-3-9-10(4-8(7)2)21(15-13(18-9)16(25)20-17(26)19-15)5-11(22)14(24)12(23)6-30-31(27,28)29/h3-4,11-12,14,22-24H,5-6H2,1-2H3,(H,20,25,26)(H2,27,28,29)/t11-,12+,14-/m0/s1","FVTCRASFADXXNN-SCRDCRAPSA-N","Cc1cc2c(cc1C)N(C3=NC(=O)NC(=O)C3=N2)CC(C(C(COP(=O)(O)O)O)O)O",
,"A","ORO","C5 H4 N2 O4",156.096,"OROTIC ACID","InChI=1S/C5H4N2O4/c8-3-1-2(4(9)10)6-5(11)7-3/h1H,(H,9,10)(H2,6,7,8,11)","PXQPEWDEAKTCGB-UHFFFAOYSA-N","C1=C(NC(=O)NC1=O)C(=O)O",
,"A","EZO","C18 H14 Cl N3 O2 S",371.841,"2-[(E)-[[4-(2-chlorophenyl)-1,3-thiazol-2-yl]-methyl-hydrazinylidene]methyl]benzoic acid","InChI=1S/C18H14ClN3O2S/c1-22(20-10-12-6-2-3-7-13(12)17(23)24)18-21-16(11-25-18)14-8-4-5-9-15(14)19/h2-11H,1H3,(H,23,24)/b20-10+","MWIQPUXVXAVFRM-KEBDBYFISA-N","CN(c1nc(cs1)c2ccccc2Cl)N=Cc3ccccc3C(=O)O",SUBJECT_OF_INVESTIGATION,
"6OC1","A","ORO","C5 H4 N2 O4",156.096,"OROTIC ACID","InChI=1S/C5H4N2O4/c8-3-1-2(4(9)10)6-5(11)7-3/h1H,(H,9,10)(H2,6,7,8,11)","PXQPEWDEAKTCGB-UHFFFAOYSA-N","C1=C(NC(=O)NC1=O)C(=O)O",
,"A","FMN","C17 H21 N4 O9 P",456.344,"FLAVIN MONONUCLEOTIDE","InChI=1S/C17H21N4O9P/c1-7-3-9-10(4-8(7)2)21(15-13(18-9)16(25)20-17(26)19-15)5-11(22)14(24)12(23)6-30-31(27,28)29/h3-4,11-12,14,22-24H,5-6H2,1-2H3,(H,20,25,26)(H2,27,28,29)/t11-,12+,14-/m0/s1","FVTCRASFADXXNN-SCRDCRAPSA-N","Cc1cc2c(cc1C)N(C3=NC(=O)NC(=O)C3=N2)CC(C(C(COP(=O)(O)O)O)O)O",
,"A","PO4","O4 P",94.971,"PHOSPHATE ION","InChI=1S/H3O4P/c1-5(2,3)4/h(H3,1,2,3,4)/p-3","NBIIXXVUZAFLBC-UHFFFAOYSA-K","[O-]P(=O)([O-])[O-]",
,"A","1SU","C27 H18 F4 N4 O3 S",554.515,"N-{7-cyano-6-[4-fluoro-3-({[3-(trifluoromethyl)phenyl]acetyl}amino)phenoxy]-1,3-benzothiazol-2-yl}cyclopropanecarboxamide","InChI=1S/C27H18F4N4O3S/c28-19-7-6-17(12-21(19)33-23(36)11-14-2-1-3-16(10-14)27(29,30)31)38-22-9-8-20-24(18(22)13-32)39-26(34-20)35-25(37)15-4-5-15/h1-3,6-10,12,15H,4-5,11H2,(H,33,36)(H,34,35,37)","OJFKUJDRGJSAQB-UHFFFAOYSA-N","c1cc(cc(c1)C(F)(F)F)CC(=O)Nc2cc(ccc2F)Oc3ccc4c(c3C#N)sc(n4)NC(=O)C5CC5",
"6FMD","A","DUH","C20 H11 F4 N3 O2",401.314,"2-oxidanyl-~{N}-[2,3,5,6-tetrakis(fluoranyl)-4-phenyl-phenyl]pyrazolo[1,5-a]pyridine-3-carboxamide","InChI=1S/C20H11F4N3O2/c21-14-12(10-6-2-1-3-7-10)15(22)17(24)18(16(14)23)25-19(28)13-11-8-4-5-9-27(11)26-20(13)29/h1-9H,(H,25,28)(H,26,29)","JIIXZPWFDKPNKW-UHFFFAOYSA-N","c1ccc(cc1)c2c(c(c(c(c2F)F)NC(=O)c3c4ccccn4nc3O)F)F","SUBJECT_OF_INVESTIGATION",
,"A","CL","Cl",35.453,"CHLORIDE ION","InChI=1S/ClH/h1H/p-1","VEXZGXHMUGYJMC-UHFFFAOYSA-M","[Cl-]",,
,"A","FMN","C17 H21 N4 O9 P",456.344,"FLAVIN MONONUCLEOTIDE","InChI=1S/C17H21N4O9P/c1-7-3-9-10(4-8(7)2)21(15-13(18-9)16(25)20-17(26)19-15)5-11(22)14(24)12(23)6-30-31(27,28)29/h3-4,11-12,14,22-24H,5-6H2,1-2H3,(H,20,25,26)(H2,27,28,29)/t11-,12+,14-/m0/s1","FVTCRASFADXXNN-SCRDCRAPSA-N","Cc1cc2c(cc1C)N(C3=NC(=O)NC(=O)C3=N2)CC(C(C(COP(=O)(O)O)O)O)O",,
,"A","ACT","C2 H3 O2",59.044,"ACETATE ION","InChI=1S/C2H4O2/c1-2(3)4/h1H3,(H,3,4)/p-1","QTBSBXVTEAMEQO-UHFFFAOYSA-M","CC(=O)[O-]",,
,"A","ORO","C5 H4 N2 O4",156.096,"OROTIC ACID","InChI=1S/C5H4N2O4/c8-3-1-2(4(9)10)6-5(11)7-3/h1H,(H,9,10)(H2,6,7,8,11)","PXQPEWDEAKTCGB-UHFFFAOYSA-N","C1=C(NC(=O)NC1=O)C(=O)O",,
,"A","GOL","C3 H8 O3",92.094,"GLYCEROL","InChI=1S/C3H8O3/c4-1-3(6)2-5/h3-6H,1-2H2","PEDCQBHIVMGVHV-UHFFFAOYSA-N","C(C(CO)O)O",,
,"A","PGE","C6 H14 O4",150.173,"TRIETHYLENE GLYCOL","InChI=1S/C6H14O4/c7-1-3-9-5-6-10-4-2-8/h7-8H,1-6H2","ZIBGPFATKBEMQZ-UHFFFAOYSA-N","C(COCCOCCO)O",,
"5MVC","A","FMN","C17 H21 N4 O9 P",456.344,"FLAVIN MONONUCLEOTIDE","InChI=1S/C17H21N4O9P/c1-7-3-9-10(4-8(7)2)21(15-13(18-9)16(25)20-17(26)19-15)5-11(22)14(24)12(23)6-30-31(27,28)29/h3-4,11-12,14,22-24H,5-6H2,1-2H3,(H,20,25,26)(H2,27,28,29)/t11-,12+,14-/m0/s1","FVTCRASFADXXNN-SCRDCRAPSA-N","Cc1cc2c(cc1C)N(C3=NC(=O)NC(=O)C3=N2)CC(C(C(COP(=O)(O)O)O)O)O",
,"A","ORO","C5 H4 N2 O4",156.096,"OROTIC ACID","InChI=1S/C5H4N2O4/c8-3-1-2(4(9)10)6-5(11)7-3/h1H,(H,9,10)(H2,6,7,8,11)","PXQPEWDEAKTCGB-UHFFFAOYSA-N","C1=C(NC(=O)NC1=O)C(=O)O",
,"A","Y9B","C15 H7 F4 N3 O2 S",369.294,"4-oxidanyl-~{N}-[2,3,5,6-tetrakis(fluoranyl)-4-phenyl-phenyl]-1,2,5-thiadiazole-3-carboxamide","InChI=1S/C15H7F4N3O2S/c16-8-7(6-4-2-1-3-5-6)9(17)11(19)12(10(8)18)20-14(23)13-15(24)22-25-21-13/h1-5H,(H,20,23)(H,22,24)","UCKLLJALHASQDA-UHFFFAOYSA-N","c1ccc(cc1)c2c(c(c(c(c2F)F)NC(=O)c3c(nsn3)O)F)F",
,"A","ACT","C2 H3 O2",59.044,"ACETATE ION","InChI=1S/C2H4O2/c1-2(3)4/h1H3,(H,3,4)/p-1","QTBSBXVTEAMEQO-UHFFFAOYSA-M","CC(=O)[O-]",
,"A","CL","Cl",35.453,"CHLORIDE ION","InChI=1S/ClH/h1H/p-1","VEXZGXHMUGYJMC-UHFFFAOYSA-M","[Cl-]",
"6OC0","A","ORO","C5 H4 N2 O4",156.096,"OROTIC ACID","InChI=1S/C5H4N2O4/c8-3-1-2(4(9)10)6-5(11)7-3/h1H,(H,9,10)(H2,6,7,8,11)","PXQPEWDEAKTCGB-UHFFFAOYSA-N","C1=C(NC(=O)NC1=O)C(=O)O",
,"A","FMN","C17 H21 N4 O9 P",456.344,"FLAVIN MONONUCLEOTIDE","InChI=1S/C17H21N4O9P/c1-7-3-9-10(4-8(7)2)21(15-13(18-9)16(25)20-17(26)19-15)5-11(22)14(24)12(23)6-30-31(27,28)29/h3-4,11-12,14,22-24H,5-6H2,1-2H3,(H,20,25,26)(H2,27,28,29)/t11-,12+,14-/m0/s1","FVTCRASFADXXNN-SCRDCRAPSA-N","Cc1cc2c(cc1C)N(C3=NC(=O)NC(=O)C3=N2)CC(C(C(COP(=O)(O)O)O)O)O",
,"A","SO4","O4 S",96.063,"SULFATE ION","InChI=1S/H2O4S/c1-5(2,3)4/h(H2,1,2,3,4)/p-2","QAOWNCQODCNURD-UHFFFAOYSA-L","[O-]S(=O)(=O)[O-]",
,"A","M4J","C26 H19 F3 N4 O",460.45,"N-{4-[5-(phenanthren-2-yl)-3-(trifluoromethyl)-1H-pyrazol-1-yl]phenyl}glycinamide","InChI=1S/C26H19F3N4O/c27-26(28,29)24-14-23(33(32-24)20-10-8-19(9-11-20)31-25(34)15-30)18-7-12-22-17(13-18)6-5-16-3-1-2-4-21(16)22/h1-14H,15,30H2,(H,31,34)","YULUCECVQOCQFQ-UHFFFAOYSA-N","c1ccc2c(c1)ccc3c2ccc(c3)c4cc(nn4c5ccc(cc5)NC(=O)CN)C(F)(F)F",
"2FQI","A","SO4","O4 S",96.063,"SULFATE ION","InChI=1S/H2O4S/c1-5(2,3)4/h(H2,1,2,3,4)/p-2","QAOWNCQODCNURD-UHFFFAOYSA-L","[O-]S(=O)(=O)[O-]",
,"A","ACT","C2 H3 O2",59.044,"ACETATE ION","InChI=1S/C2H4O2/c1-2(3)4/h1H3,(H,3,4)/p-1","QTBSBXVTEAMEQO-UHFFFAOYSA-M","CC(=O)[O-]",
,"A","FMN","C17 H21 N4 O9 P",456.344,"FLAVIN MONONUCLEOTIDE","InChI=1S/C17H21N4O9P/c1-7-3-9-10(4-8(7)2)21(15-13(18-9)16(25)20-17(26)19-15)5-11(22)14(24)12(23)6-30-31(27,28)29/h3-4,11-12,14,22-24H,5-6H2,1-2H3,(H,20,25,26)(H2,27,28,29)/t11-,12+,14-/m0/s1","FVTCRASFADXXNN-SCRDCRAPSA-N","Cc1cc2c(cc1C)N(C3=NC(=O)NC(=O)C3=N2)CC(C(C(COP(=O)(O)O)O)O)O",
,"A","ORO","C5 H4 N2 O4",156.096,"OROTIC ACID","InChI=1S/C5H4N2O4/c8-3-1-2(4(9)10)6-5(11)7-3/h1H,(H,9,10)(H2,6,7,8,11)","PXQPEWDEAKTCGB-UHFFFAOYSA-N","C1=C(NC(=O)NC1=O)C(=O)O",
,"A","ILH","C20 H10 F7 N O4",461.287,"2-({[2,3,5,6-TETRAFLUORO-3'-(TRIFLUOROMETHOXY)BIPHENYL-4-YL]AMINO}CARBONYL)CYCLOPENTA-1,3-DIENE-1-CARBOXYLIC ACID","InChI=1S/C20H10F7NO4/c21-13-12(8-3-1-4-9(7-8)32-20(25,26)27)14(22)16(24)17(15(13)23)28-18(29)10-5-2-6-11(10)19(30)31/h1-5,7H,6H2,(H,28,29)(H,30,31)","ULMUPVXFUDHRGH-UHFFFAOYSA-N","c1cc(cc(c1)OC(F)(F)F)c2c(c(c(c(c2F)F)NC(=O)C3=C(CC=C3)C(=O)O)F)F",
"2B0M","A","201","C20 H15 N O3",317.338,"3-AMIDO-5-BIPHENYL-BENZOIC ACID","InChI=1S/C20H15NO3/c21-19(22)17-10-16(11-18(12-17)20(23)24)15-8-6-14(7-9-15)13-4-2-1-3-5-13/h1-12H,(H2,21,22)(H,23,24)","LAZPCGBRHLARSI-UHFFFAOYSA-N","c1ccc(cc1)c2ccc(cc2)c3cc(cc(c3)C(=O)O)C(=O)N",
,"A","FMN","C17 H21 N4 O9 P",456.344,"FLAVIN MONONUCLEOTIDE","InChI=1S/C17H21N4O9P/c1-7-3-9-10(4-8(7)2)21(15-13(18-9)16(25)20-17(26)19-15)5-11(22)14(24)12(23)6-30-31(27,28)29/h3-4,11-12,14,22-24H,5-6H2,1-2H3,(H,20,25,26)(H2,27,28,29)/t11-,12+,14-/m0/s1","FVTCRASFADXXNN-SCRDCRAPSA-N","Cc1cc2c(cc1C)N(C3=NC(=O)NC(=O)C3=N2)CC(C(C(COP(=O)(O)O)O)O)O",
,"A","ORO","C5 H4 N2 O4",156.096,"OROTIC ACID","InChI=1S/C5H4N2O4/c8-3-1-2(4(9)10)6-5(11)7-3/h1H,(H,9,10)(H2,6,7,8,11)","PXQPEWDEAKTCGB-UHFFFAOYSA-N","C1=C(NC(=O)NC1=O)C(=O)O",
"5K9D","A","FNR","C17 H23 N4 O9 P",458.36,"1-DEOXY-1-(7,8-DIMETHYL-2,4-DIOXO-3,4-DIHYDRO-2H-BENZO[G]PTERIDIN-1-ID-10(5H)-YL)-5-O-PHOSPHONATO-D-RIBITOL","InChI=1S/C17H23N4O9P/c1-7-3-9-10(4-8(7)2)21(15-13(18-9)16(25)20-17(26)19-15)5-11(22)14(24)12(23)6-30-31(27,28)29/h3-4,11-12,14,18,22-24H,5-6H2,1-2H3,(H2,27,28,29)(H2,19,20,25,26)/t11-,12+,14-/m0/s1","YTNIXZGTHTVJBW-SCRDCRAPSA-N","Cc1cc2c(cc1C)N(C3=C(N2)C(=O)NC(=O)N3)CC(C(C(COP(=O)(O)O)O)O)O",
,"A","ORO","C5 H4 N2 O4",156.096,"OROTIC ACID","InChI=1S/C5H4N2O4/c8-3-1-2(4(9)10)6-5(11)7-3/h1H,(H,9,10)(H2,6,7,8,11)","PXQPEWDEAKTCGB-UHFFFAOYSA-N","C1=C(NC(=O)NC1=O)C(=O)O",
,"A","CE9","C30 H62 O10",582.807,"DODECYL NONA ETHYLENE GLYCOL ETHER","InChI=1S/C30H62O10/c1-2-3-4-5-6-7-8-9-10-11-13-32-15-17-34-19-21-36-23-25-38-27-29-40-30-28-39-26-24-37-22-20-35-18-16-33-14-12-31/h31H,2-30H2,1H3","ONJQDTZCDSESIW-UHFFFAOYSA-N","CCCCCCCCCCCCOCCOCCOCCOCCOCCOCCOCCOCCOCCO",
,"A","SO4","O4 S",96.063,"SULFATE ION","InChI=1S/H2O4S/c1-5(2,3)4/h(H2,1,2,3,4)/p-2","QAOWNCQODCNURD-UHFFFAOYSA-L","[O-]S(=O)(=O)[O-]",
,"A","ACT","C2 H3 O2",59.044,"ACETATE ION","InChI=1S/C2H4O2/c1-2(3)4/h1H3,(H,3,4)/p-1","QTBSBXVTEAMEQO-UHFFFAOYSA-M","CC(=O)[O-]",
,"A","CL","Cl",35.453,"CHLORIDE ION","InChI=1S/ClH/h1H/p-1","VEXZGXHMUGYJMC-UHFFFAOYSA-M","[Cl-]",
,"A","GOL","C3 H8 O3",92.094,"GLYCEROL","InChI=1S/C3H8O3/c4-1-3(6)2-5/h3-6H,1-2H2","PEDCQBHIVMGVHV-UHFFFAOYSA-N","C(C(CO)O)O",
"6ET4","A","FMN","C17 H21 N4 O9 P",456.344,"FLAVIN MONONUCLEOTIDE","InChI=1S/C17H21N4O9P/c1-7-3-9-10(4-8(7)2)21(15-13(18-9)16(25)20-17(26)19-15)5-11(22)14(24)12(23)6-30-31(27,28)29/h3-4,11-12,14,22-24H,5-6H2,1-2H3,(H,20,25,26)(H2,27,28,29)/t11-,12+,14-/m0/s1","FVTCRASFADXXNN-SCRDCRAPSA-N","Cc1cc2c(cc1C)N(C3=NC(=O)NC(=O)C3=N2)CC(C(C(COP(=O)(O)O)O)O)O",
,"A","DOR","C5 H6 N2 O4",158.112,"(4S)-2,6-DIOXOHEXAHYDROPYRIMIDINE-4-CARBOXYLIC ACID","InChI=1S/C5H6N2O4/c8-3-1-2(4(9)10)6-5(11)7-3/h2H,1H2,(H,9,10)(H2,6,7,8,11)/t2-/m0/s1","UFIVEPVSAGBUSI-REOHCLBHSA-N","C1C(NC(=O)NC1=O)C(=O)O",
,"A","SDV","C21 H17 F N4 O2",376.384,"N-[(4R)-1-(2-fluorophenyl)-4,5,6,7-tetrahydroindazol-4-yl]-2,1-benzoxazole-3-carboxamide","InChI=1S/C21H17FN4O2/c22-15-7-2-4-10-19(15)26-18-11-5-9-16(14(18)12-23-26)24-21(27)20-13-6-1-3-8-17(13)25-28-20/h1-4,6-8,10,12,16H,5,9,11H2,(H,24,27)/t16-/m1/s1","KVYFUACEMBMTLM-MRXNPFEDSA-N","c1ccc2c(c1)c(on2)C(=O)NC3CCCc4c3cnn4c5ccccc5F",
,"A","DDQ","C12 H27 N O",201.349,"DECYLAMINE-N,N-DIMETHYL-N-OXIDE","InChI=1S/C12H27NO/c1-4-5-6-7-8-9-10-11-12-13(2,3)14/h4-12H2,1-3H3","ZRKZFNZPJKEWPC-UHFFFAOYSA-N","CCCCCCCCCC[N+](C)(C)[O-]",
,"A","ACY","C2 H4 O2",60.052,"ACETIC ACID","InChI=1S/C2H4O2/c1-2(3)4/h1H3,(H,3,4)","QTBSBXVTEAMEQO-UHFFFAOYSA-N","CC(=O)O",
,"A","GOL","C3 H8 O3",92.094,"GLYCEROL","InChI=1S/C3H8O3/c4-1-3(6)2-5/h3-6H,1-2H2","PEDCQBHIVMGVHV-UHFFFAOYSA-N","C(C(CO)O)O",
,"A","SO4","O4 S",96.063,"SULFATE ION","InChI=1S/H2O4S/c1-5(2,3)4/h(H2,1,2,3,4)/p-2","QAOWNCQODCNURD-UHFFFAOYSA-L","[O-]S(=O)(=O)[O-]",
,"A","CL","Cl",35.453,"CHLORIDE ION","InChI=1S/ClH/h1H/p-1","VEXZGXHMUGYJMC-UHFFFAOYSA-M","[Cl-]",
"4YLW","A","52Y","C20 H15 F N2 O4 S",398.408,"methyl (2Z)-cyano[3-(3-fluoro-4'-methoxybiphenyl-4-yl)-4-oxo-1,3-thiazolidin-2-ylidene]acetate","InChI=1S/C20H15FN2O4S/c1-26-14-6-3-12(4-7-14)13-5-8-17(16(21)9-13)23-18(24)11-28-19(23)15(10-22)20(25)27-2/h3-9H,11H2,1-2H3/b19-15-","VIKSKZVEJICSLD-CYVLTUHYSA-N","COc1ccc(cc1)c2ccc(c(c2)F)N3C(=O)CSC3=C(C#N)C(=O)OC",
,"A","FMN","C17 H21 N4 O9 P",456.344,"FLAVIN MONONUCLEOTIDE","InChI=1S/C17H21N4O9P/c1-7-3-9-10(4-8(7)2)21(15-13(18-9)16(25)20-17(26)19-15)5-11(22)14(24)12(23)6-30-31(27,28)29/h3-4,11-12,14,22-24H,5-6H2,1-2H3,(H,20,25,26)(H2,27,28,29)/t11-,12+,14-/m0/s1","FVTCRASFADXXNN-SCRDCRAPSA-N","Cc1cc2c(cc1C)N(C3=NC(=O)NC(=O)C3=N2)CC(C(C(COP(=O)(O)O)O)O)O",
,"A","ORO","C5 H4 N2 O4",156.096,"OROTIC ACID","InChI=1S/C5H4N2O4/c8-3-1-2(4(9)10)6-5(11)7-3/h1H,(H,9,10)(H2,6,7,8,11)","PXQPEWDEAKTCGB-UHFFFAOYSA-N","C1=C(NC(=O)NC1=O)C(=O)O",
,"A","SO4","O4 S",96.063,"SULFATE ION","InChI=1S/H2O4S/c1-5(2,3)4/h(H2,1,2,3,4)/p-2","QAOWNCQODCNURD-UHFFFAOYSA-L","[O-]S(=O)(=O)[O-]",
"4RK8","A","FMN","C17 H21 N4 O9 P",456.344,"FLAVIN MONONUCLEOTIDE","InChI=1S/C17H21N4O9P/c1-7-3-9-10(4-8(7)2)21(15-13(18-9)16(25)20-17(26)19-15)5-11(22)14(24)12(23)6-30-31(27,28)29/h3-4,11-12,14,22-24H,5-6H2,1-2H3,(H,20,25,26)(H2,27,28,29)/t11-,12+,14-/m0/s1","FVTCRASFADXXNN-SCRDCRAPSA-N","Cc1cc2c(cc1C)N(C3=NC(=O)NC(=O)C3=N2)CC(C(C(COP(=O)(O)O)O)O)O",
,"A","ORO","C5 H4 N2 O4",156.096,"OROTIC ACID","InChI=1S/C5H4N2O4/c8-3-1-2(4(9)10)6-5(11)7-3/h1H,(H,9,10)(H2,6,7,8,11)","PXQPEWDEAKTCGB-UHFFFAOYSA-N","C1=C(NC(=O)NC1=O)C(=O)O",
,"A","3RV","C21 H13 F N2 O3 S",392.403,"5-fluoro-2-{[(5Z)-5-(naphthalen-1-ylmethylidene)-4-oxo-4,5-dihydro-1,3-thiazol-2-yl]amino}benzoic acid","InChI=1S/C21H13FN2O3S/c22-14-8-9-17(16(11-14)20(26)27)23-21-24-19(25)18(28-21)10-13-6-3-5-12-4-1-2-7-15(12)13/h1-11H,(H,26,27)(H,23,24,25)/b18-10-","SWEIVYMGBOSFGN-ZDLGFXPLSA-N","c1ccc2c(c1)cccc2C=C3C(=O)N=C(S3)Nc4ccc(cc4C(=O)O)F",
,"A","SO4","O4 S",96.063,"SULFATE ION","InChI=1S/H2O4S/c1-5(2,3)4/h(H2,1,2,3,4)/p-2","QAOWNCQODCNURD-UHFFFAOYSA-L","[O-]S(=O)(=O)[O-]",
"1D3G","A","SO4","O4 S",96.063,"SULFATE ION","InChI=1S/H2O4S/c1-5(2,3)4/h(H2,1,2,3,4)/p-2","QAOWNCQODCNURD-UHFFFAOYSA-L","[O-]S(=O)(=O)[O-]",
,"A","ACT","C2 H3 O2",59.044,"ACETATE ION","InChI=1S/C2H4O2/c1-2(3)4/h1H3,(H,3,4)/p-1","QTBSBXVTEAMEQO-UHFFFAOYSA-M","CC(=O)[O-]",
,"A","BRE","C23 H16 F N O2",357.377,"2-BIPHENYL-4-YL-6-FLUORO-3-METHYL-QUINOLINE-4-CARBOXYLIC ACID","InChI=1S/C23H16FNO2/c1-14-21(23(26)27)19-13-18(24)11-12-20(19)25-22(14)17-9-7-16(8-10-17)15-5-3-2-4-6-15/h2-13H,1H3,(H,26,27)","WYKKHJQZENLZID-UHFFFAOYSA-N","Cc1c(c2cc(ccc2nc1c3ccc(cc3)c4ccccc4)F)C(=O)O",
,"A","FMN","C17 H21 N4 O9 P",456.344,"FLAVIN MONONUCLEOTIDE","InChI=1S/C17H21N4O9P/c1-7-3-9-10(4-8(7)2)21(15-13(18-9)16(25)20-17(26)19-15)5-11(22)14(24)12(23)6-30-31(27,28)29/h3-4,11-12,14,22-24H,5-6H2,1-2H3,(H,20,25,26)(H2,27,28,29)/t11-,12+,14-/m0/s1","FVTCRASFADXXNN-SCRDCRAPSA-N","Cc1cc2c(cc1C)N(C3=NC(=O)NC(=O)C3=N2)CC(C(C(COP(=O)(O)O)O)O)O",
,"A","ORO","C5 H4 N2 O4",156.096,"OROTIC ACID","InChI=1S/C5H4N2O4/c8-3-1-2(4(9)10)6-5(11)7-3/h1H,(H,9,10)(H2,6,7,8,11)","PXQPEWDEAKTCGB-UHFFFAOYSA-N","C1=C(NC(=O)NC1=O)C(=O)O",
,"A","DDQ","C12 H27 N O",201.349,"DECYLAMINE-N,N-DIMETHYL-N-OXIDE","InChI=1S/C12H27NO/c1-4-5-6-7-8-9-10-11-12-13(2,3)14/h4-12H2,1-3H3","ZRKZFNZPJKEWPC-UHFFFAOYSA-N","CCCCCCCCCC[N+](C)(C)[O-]",
"1D3H","A","SO4","O4 S",96.063,"SULFATE ION","InChI=1S/H2O4S/c1-5(2,3)4/h(H2,1,2,3,4)/p-2","QAOWNCQODCNURD-UHFFFAOYSA-L","[O-]S(=O)(=O)[O-]",
,"A","ACT","C2 H3 O2",59.044,"ACETATE ION","InChI=1S/C2H4O2/c1-2(3)4/h1H3,(H,3,4)/p-1","QTBSBXVTEAMEQO-UHFFFAOYSA-M","CC(=O)[O-]",
,"A","A26","C12 H9 F3 N2 O2",270.207,"(2Z)-2-cyano-3-hydroxy-N-[4-(trifluoromethyl)phenyl]but-2-enamide","InChI=1S/C12H9F3N2O2/c1-7(18)10(6-16)11(19)17-9-4-2-8(3-5-9)12(13,14)15/h2-5,18H,1H3,(H,17,19)/b10-7-","UTNUDOFZCWSZMS-YFHOEESVSA-N","CC(=C(C#N)C(=O)Nc1ccc(cc1)C(F)(F)F)O",
,"A","FMN","C17 H21 N4 O9 P",456.344,"FLAVIN MONONUCLEOTIDE","InChI=1S/C17H21N4O9P/c1-7-3-9-10(4-8(7)2)21(15-13(18-9)16(25)20-17(26)19-15)5-11(22)14(24)12(23)6-30-31(27,28)29/h3-4,11-12,14,22-24H,5-6H2,1-2H3,(H,20,25,26)(H2,27,28,29)/t11-,12+,14-/m0/s1","FVTCRASFADXXNN-SCRDCRAPSA-N","Cc1cc2c(cc1C)N(C3=NC(=O)NC(=O)C3=N2)CC(C(C(COP(=O)(O)O)O)O)O",
,"A","ORO","C5 H4 N2 O4",156.096,"OROTIC ACID","InChI=1S/C5H4N2O4/c8-3-1-2(4(9)10)6-5(11)7-3/h1H,(H,9,10)(H2,6,7,8,11)","PXQPEWDEAKTCGB-UHFFFAOYSA-N","C1=C(NC(=O)NC1=O)C(=O)O",
"3FJL","A","FMN","C17 H21 N4 O9 P",456.344,"FLAVIN MONONUCLEOTIDE","InChI=1S/C17H21N4O9P/c1-7-3-9-10(4-8(7)2)21(15-13(18-9)16(25)20-17(26)19-15)5-11(22)14(24)12(23)6-30-31(27,28)29/h3-4,11-12,14,22-24H,5-6H2,1-2H3,(H,20,25,26)(H2,27,28,29)/t11-,12+,14-/m0/s1","FVTCRASFADXXNN-SCRDCRAPSA-N","Cc1cc2c(cc1C)N(C3=NC(=O)NC(=O)C3=N2)CC(C(C(COP(=O)(O)O)O)O)O",
,"A","ORO","C5 H4 N2 O4",156.096,"OROTIC ACID","InChI=1S/C5H4N2O4/c8-3-1-2(4(9)10)6-5(11)7-3/h1H,(H,9,10)(H2,6,7,8,11)","PXQPEWDEAKTCGB-UHFFFAOYSA-N","C1=C(NC(=O)NC1=O)C(=O)O",
,"A","SO4","O4 S",96.063,"SULFATE ION","InChI=1S/H2O4S/c1-5(2,3)4/h(H2,1,2,3,4)/p-2","QAOWNCQODCNURD-UHFFFAOYSA-L","[O-]S(=O)(=O)[O-]",
,"A","ACY","C2 H4 O2",60.052,"ACETIC ACID","InChI=1S/C2H4O2/c1-2(3)4/h1H3,(H,3,4)","QTBSBXVTEAMEQO-UHFFFAOYSA-N","CC(=O)O",
,"A","CJH","C19 H18 N2 O3",322.358,"(2Z)-2-cyano-N-(3'-ethoxybiphenyl-4-yl)-3-hydroxybut-2-enamide","InChI=1S/C19H18N2O3/c1-3-24-17-6-4-5-15(11-17)14-7-9-16(10-8-14)21-19(23)18(12-20)13(2)22/h4-11,22H,3H2,1-2H3,(H,21,23)/b18-13-","RPILZQUCBKIPAZ-AQTBWJFISA-N","CCOc1cccc(c1)c2ccc(cc2)NC(=O)C(=C(C)O)C#N",
"4RKA","A","FMN","C17 H21 N4 O9 P",456.344,"FLAVIN MONONUCLEOTIDE","InChI=1S/C17H21N4O9P/c1-7-3-9-10(4-8(7)2)21(15-13(18-9)16(25)20-17(26)19-15)5-11(22)14(24)12(23)6-30-31(27,28)29/h3-4,11-12,14,22-24H,5-6H2,1-2H3,(H,20,25,26)(H2,27,28,29)/t11-,12+,14-/m0/s1","FVTCRASFADXXNN-SCRDCRAPSA-N","Cc1cc2c(cc1C)N(C3=NC(=O)NC(=O)C3=N2)CC(C(C(COP(=O)(O)O)O)O)O",
,"A","ORO","C5 H4 N2 O4",156.096,"OROTIC ACID","InChI=1S/C5H4N2O4/c8-3-1-2(4(9)10)6-5(11)7-3/h1H,(H,9,10)(H2,6,7,8,11)","PXQPEWDEAKTCGB-UHFFFAOYSA-N","C1=C(NC(=O)NC1=O)C(=O)O",
,"A","SO4","O4 S",96.063,"SULFATE ION","InChI=1S/H2O4S/c1-5(2,3)4/h(H2,1,2,3,4)/p-2","QAOWNCQODCNURD-UHFFFAOYSA-L","[O-]S(=O)(=O)[O-]",
,"A","3RY","C21 H16 N2 O3 S",376.428,"2-{[5-(naphthalen-1-ylmethyl)-4-oxo-4H-1lambda~4~,3-thiazol-2-yl]amino}benzoic acid","InChI=1S/C21H16N2O3S/c24-19-18(12-14-8-5-7-13-6-1-2-9-15(13)14)27-21(23-19)22-17-11-4-3-10-16(17)20(25)26/h1-11,27H,12H2,(H,25,26)(H,22,23,24)","LOJPZHDHFDLIRT-UHFFFAOYSA-N","c1ccc2c(c1)cccc2CC3=SC(=NC3=O)Nc4ccccc4C(=O)O",
"4JGD","A","FMN","C17 H21 N4 O9 P",456.344,"FLAVIN MONONUCLEOTIDE","InChI=1S/C17H21N4O9P/c1-7-3-9-10(4-8(7)2)21(15-13(18-9)16(25)20-17(26)19-15)5-11(22)14(24)12(23)6-30-31(27,28)29/h3-4,11-12,14,22-24H,5-6H2,1-2H3,(H,20,25,26)(H2,27,28,29)/t11-,12+,14-/m0/s1","FVTCRASFADXXNN-SCRDCRAPSA-N","Cc1cc2c(cc1C)N(C3=NC(=O)NC(=O)C3=N2)CC(C(C(COP(=O)(O)O)O)O)O",
,"A","ORO","C5 H4 N2 O4",156.096,"OROTIC ACID","InChI=1S/C5H4N2O4/c8-3-1-2(4(9)10)6-5(11)7-3/h1H,(H,9,10)(H2,6,7,8,11)","PXQPEWDEAKTCGB-UHFFFAOYSA-N","C1=C(NC(=O)NC1=O)C(=O)O",
,"A","DET","C13 H29 N O",215.375,"UNDECYLAMINE-N,N-DIMETHYL-N-OXIDE","InChI=1S/C13H29NO/c1-4-5-6-7-8-9-10-11-12-13-14(2,3)15/h4-13H2,1-3H3","OZHBUVQCJMARBN-UHFFFAOYSA-N","CCCCCCCCCCC[N+](C)(C)[O-]",
,"A","SO4","O4 S",96.063,"SULFATE ION","InChI=1S/H2O4S/c1-5(2,3)4/h(H2,1,2,3,4)/p-2","QAOWNCQODCNURD-UHFFFAOYSA-L","[O-]S(=O)(=O)[O-]",
,"A","4JG","C16 H14 N2 O S",282.36,"1-[4-methyl-2-(naphthalen-2-ylamino)-1,3-thiazol-5-yl]ethanone","InChI=1S/C16H14N2OS/c1-10-15(11(2)19)20-16(17-10)18-14-8-7-12-5-3-4-6-13(12)9-14/h3-9H,1-2H3,(H,17,18)","CELUMPGHYUOWHA-UHFFFAOYSA-N","Cc1c(sc(n1)Nc2ccc3ccccc3c2)C(=O)C",
"3F1Q","A","FMN","C17 H21 N4 O9 P",456.344,"FLAVIN MONONUCLEOTIDE","InChI=1S/C17H21N4O9P/c1-7-3-9-10(4-8(7)2)21(15-13(18-9)16(25)20-17(26)19-15)5-11(22)14(24)12(23)6-30-31(27,28)29/h3-4,11-12,14,22-24H,5-6H2,1-2H3,(H,20,25,26)(H2,27,28,29)/t11-,12+,14-/m0/s1","FVTCRASFADXXNN-SCRDCRAPSA-N","Cc1cc2c(cc1C)N(C3=NC(=O)NC(=O)C3=N2)CC(C(C(COP(=O)(O)O)O)O)O",
,"A","ORO","C5 H4 N2 O4",156.096,"OROTIC ACID","InChI=1S/C5H4N2O4/c8-3-1-2(4(9)10)6-5(11)7-3/h1H,(H,9,10)(H2,6,7,8,11)","PXQPEWDEAKTCGB-UHFFFAOYSA-N","C1=C(NC(=O)NC1=O)C(=O)O",
,"A","BCE","C17 H14 N2 O2",278.305,"(2Z)-N-biphenyl-4-yl-2-cyano-3-hydroxybut-2-enamide","InChI=1S/C17H14N2O2/c1-12(20)16(11-18)17(21)19-15-9-7-14(8-10-15)13-5-3-2-4-6-13/h2-10,20H,1H3,(H,19,21)/b16-12-","MUVPBAIVOHJDOC-VBKFSLOCSA-N","CC(=C(C#N)C(=O)Nc1ccc(cc1)c2ccccc2)O",
,"A","ACY","C2 H4 O2",60.052,"ACETIC ACID","InChI=1S/C2H4O2/c1-2(3)4/h1H3,(H,3,4)","QTBSBXVTEAMEQO-UHFFFAOYSA-N","CC(=O)O",
,"A","SO4","O4 S",96.063,"SULFATE ION","InChI=1S/H2O4S/c1-5(2,3)4/h(H2,1,2,3,4)/p-2","QAOWNCQODCNURD-UHFFFAOYSA-L","[O-]S(=O)(=O)[O-]",
"3W7R","A","CL","Cl",35.453,"CHLORIDE ION","InChI=1S/ClH/h1H/p-1","VEXZGXHMUGYJMC-UHFFFAOYSA-M","[Cl-]",
,"A","DDQ","C12 H27 N O",201.349,"DECYLAMINE-N,N-DIMETHYL-N-OXIDE","InChI=1S/C12H27NO/c1-4-5-6-7-8-9-10-11-12-13(2,3)14/h4-12H2,1-3H3","ZRKZFNZPJKEWPC-UHFFFAOYSA-N","CCCCCCCCCC[N+](C)(C)[O-]",
,"A","W7A","C19 H16 N2 O4",336.341,"2,6-dioxo-5-[2-(4-phenylphenyl)ethyl]-1,2,3,6- tetrahydropyrimidine-4-carboxylic acid","InChI=1S/C19H16N2O4/c22-17-15(16(18(23)24)20-19(25)21-17)11-8-12-6-9-14(10-7-12)13-4-2-1-3-5-13/h1-7,9-10H,8,11H2,(H,23,24)(H2,20,21,22,25)","UYFCRZJXNNSAAC-UHFFFAOYSA-N","c1ccc(cc1)c2ccc(cc2)CCC3=C(NC(=O)NC3=O)C(=O)O",
,"A","FMN","C17 H21 N4 O9 P",456.344,"FLAVIN MONONUCLEOTIDE","InChI=1S/C17H21N4O9P/c1-7-3-9-10(4-8(7)2)21(15-13(18-9)16(25)20-17(26)19-15)5-11(22)14(24)12(23)6-30-31(27,28)29/h3-4,11-12,14,22-24H,5-6H2,1-2H3,(H,20,25,26)(H2,27,28,29)/t11-,12+,14-/m0/s1","FVTCRASFADXXNN-SCRDCRAPSA-N","Cc1cc2c(cc1C)N(C3=NC(=O)NC(=O)C3=N2)CC(C(C(COP(=O)(O)O)O)O)O",
,"A","GOL","C3 H8 O3",92.094,"GLYCEROL","InChI=1S/C3H8O3/c4-1-3(6)2-5/h3-6H,1-2H2","PEDCQBHIVMGVHV-UHFFFAOYSA-N","C(C(CO)O)O",
,"A","ORO","C5 H4 N2 O4",156.096,"OROTIC ACID","InChI=1S/C5H4N2O4/c8-3-1-2(4(9)10)6-5(11)7-3/h1H,(H,9,10)(H2,6,7,8,11)","PXQPEWDEAKTCGB-UHFFFAOYSA-N","C1=C(NC(=O)NC1=O)C(=O)O",
,"A","SO4","O4 S",96.063,"SULFATE ION","InChI=1S/H2O4S/c1-5(2,3)4/h(H2,1,2,3,4)/p-2","QAOWNCQODCNURD-UHFFFAOYSA-L","[O-]S(=O)(=O)[O-]",
,"A","ACT","C2 H3 O2",59.044,"ACETATE ION","InChI=1S/C2H4O2/c1-2(3)4/h1H3,(H,3,4)/p-1","QTBSBXVTEAMEQO-UHFFFAOYSA-M","CC(=O)[O-]",
"6J3B","A","SO4","O4 S",96.063,"SULFATE ION","InChI=1S/H2O4S/c1-5(2,3)4/h(H2,1,2,3,4)/p-2","QAOWNCQODCNURD-UHFFFAOYSA-L","[O-]S(=O)(=O)[O-]",
,"A","FMN","C17 H21 N4 O9 P",456.344,"FLAVIN MONONUCLEOTIDE","InChI=1S/C17H21N4O9P/c1-7-3-9-10(4-8(7)2)21(15-13(18-9)16(25)20-17(26)19-15)5-11(22)14(24)12(23)6-30-31(27,28)29/h3-4,11-12,14,22-24H,5-6H2,1-2H3,(H,20,25,26)(H2,27,28,29)/t11-,12+,14-/m0/s1","FVTCRASFADXXNN-SCRDCRAPSA-N","Cc1cc2c(cc1C)N(C3=NC(=O)NC(=O)C3=N2)CC(C(C(COP(=O)(O)O)O)O)O",
,"A","ORO","C5 H4 N2 O4",156.096,"OROTIC ACID","InChI=1S/C5H4N2O4/c8-3-1-2(4(9)10)6-5(11)7-3/h1H,(H,9,10)(H2,6,7,8,11)","PXQPEWDEAKTCGB-UHFFFAOYSA-N","C1=C(NC(=O)NC1=O)C(=O)O",
,"A","B5O","C22 H20 F3 N3 O2",415.408,"(6R)-1-[3,5-bis(fluoranyl)-4-[2-fluoranyl-5-(hydroxymethyl)phenyl]phenyl]-6-propan-2-yl-6,7-dihydro-5H-benzotriazol-4-one","InChI=1S/C22H20F3N3O2/c1-11(2)13-6-19-22(20(30)7-13)26-27-28(19)14-8-17(24)21(18(25)9-14)15-5-12(10-29)3-4-16(15)23/h3-5,8-9,11,13,29H,6-7,10H2,1-2H3/t13-/m1/s1","PDEIRWICIYOXPB-CYBMUJFWSA-N","CC(C)C1Cc2c(nnn2c3cc(c(c(c3)F)c4cc(ccc4F)CO)F)C(=O)C1",
,"A","LDA","C14 H31 N O",229.402,"LAURYL DIMETHYLAMINE-N-OXIDE","InChI=1S/C14H31NO/c1-4-5-6-7-8-9-10-11-12-13-14-15(2,3)16/h4-14H2,1-3H3","SYELZBGXAIXKHU-UHFFFAOYSA-N","CCCCCCCCCCCC[N+](C)(C)[O-]",
,"A","DMS","C2 H6 O S",78.133,"DIMETHYL SULFOXIDE","InChI=1S/C2H6OS/c1-4(2)3/h1-2H3","IAZDPXIOMUYVGZ-UHFFFAOYSA-N","CS(=O)C",
,"A","ACT","C2 H3 O2",59.044,"ACETATE ION","InChI=1S/C2H4O2/c1-2(3)4/h1H3,(H,3,4)/p-1","QTBSBXVTEAMEQO-UHFFFAOYSA-M","CC(=O)[O-]",
,"A","CL","Cl",35.453,"CHLORIDE ION","InChI=1S/ClH/h1H/p-1","VEXZGXHMUGYJMC-UHFFFAOYSA-M","[Cl-]",
,"A","NA","Na",22.99,"SODIUM ION","InChI=1S/Na/q+1","FKNQFGJONOIPTF-UHFFFAOYSA-N","[Na+]",
"6J3C","A","SO4","O4 S",96.063,"SULFATE ION","InChI=1S/H2O4S/c1-5(2,3)4/h(H2,1,2,3,4)/p-2","QAOWNCQODCNURD-UHFFFAOYSA-L","[O-]S(=O)(=O)[O-]",
,"A","FMN","C17 H21 N4 O9 P",456.344,"FLAVIN MONONUCLEOTIDE","InChI=1S/C17H21N4O9P/c1-7-3-9-10(4-8(7)2)21(15-13(18-9)16(25)20-17(26)19-15)5-11(22)14(24)12(23)6-30-31(27,28)29/h3-4,11-12,14,22-24H,5-6H2,1-2H3,(H,20,25,26)(H2,27,28,29)/t11-,12+,14-/m0/s1","FVTCRASFADXXNN-SCRDCRAPSA-N","Cc1cc2c(cc1C)N(C3=NC(=O)NC(=O)C3=N2)CC(C(C(COP(=O)(O)O)O)O)O",
,"A","ORO","C5 H4 N2 O4",156.096,"OROTIC ACID","InChI=1S/C5H4N2O4/c8-3-1-2(4(9)10)6-5(11)7-3/h1H,(H,9,10)(H2,6,7,8,11)","PXQPEWDEAKTCGB-UHFFFAOYSA-N","C1=C(NC(=O)NC1=O)C(=O)O",
,"A","B5X","C23 H24 F2 N4 O",410.46,"(6R)-1-[4-[3-(dimethylamino)phenyl]-3,5-bis(fluoranyl)phenyl]-6-propan-2-yl-6,7-dihydro-5H-benzotriazol-4-one","InChI=1S/C23H24F2N4O/c1-13(2)15-9-20-23(21(30)10-15)26-27-29(20)17-11-18(24)22(19(25)12-17)14-6-5-7-16(8-14)28(3)4/h5-8,11-13,15H,9-10H2,1-4H3/t15-/m1/s1","XGSICBDUCCZAFB-OAHLLOKOSA-N","CC(C)C1Cc2c(nnn2c3cc(c(c(c3)F)c4cccc(c4)N(C)C)F)C(=O)C1",
,"A","LDA","C14 H31 N O",229.402,"LAURYL DIMETHYLAMINE-N-OXIDE","InChI=1S/C14H31NO/c1-4-5-6-7-8-9-10-11-12-13-14-15(2,3)16/h4-14H2,1-3H3","SYELZBGXAIXKHU-UHFFFAOYSA-N","CCCCCCCCCCCC[N+](C)(C)[O-]",
"6LP7","A","FMN","C17 H21 N4 O9 P",456.344,"FLAVIN MONONUCLEOTIDE","InChI=1S/C17H21N4O9P/c1-7-3-9-10(4-8(7)2)21(15-13(18-9)16(25)20-17(26)19-15)5-11(22)14(24)12(23)6-30-31(27,28)29/h3-4,11-12,14,22-24H,5-6H2,1-2H3,(H,20,25,26)(H2,27,28,29)/t11-,12+,14-/m0/s1","FVTCRASFADXXNN-SCRDCRAPSA-N","Cc1cc2c(cc1C)N(C3=NC(=O)NC(=O)C3=N2)CC(C(C(COP(=O)(O)O)O)O)O",
,"A","ORO","C5 H4 N2 O4",156.096,"OROTIC ACID","InChI=1S/C5H4N2O4/c8-3-1-2(4(9)10)6-5(11)7-3/h1H,(H,9,10)(H2,6,7,8,11)","PXQPEWDEAKTCGB-UHFFFAOYSA-N","C1=C(NC(=O)NC1=O)C(=O)O",
,"A","SO4","O4 S",96.063,"SULFATE ION","InChI=1S/H2O4S/c1-5(2,3)4/h(H2,1,2,3,4)/p-2","QAOWNCQODCNURD-UHFFFAOYSA-L","[O-]S(=O)(=O)[O-]",
,"A","ACT","C2 H3 O2",59.044,"ACETATE ION","InChI=1S/C2H4O2/c1-2(3)4/h1H3,(H,3,4)/p-1","QTBSBXVTEAMEQO-UHFFFAOYSA-M","CC(=O)[O-]",
,"A","B6R","C23 H13 F2 N3 O3",417.364,"3-[3,5-bis(fluoranyl)-4-(3-methoxyphenyl)phenyl]benzo[f]benzotriazole-4,9-dione","InChI=1S/C23H13F2N3O3/c1-31-14-6-4-5-12(9-14)19-17(24)10-13(11-18(19)25)28-21-20(26-27-28)22(29)15-7-2-3-8-16(15)23(21)30/h2-11H,1H3","MBRGIUONQXHXCP-UHFFFAOYSA-N","COc1cccc(c1)c2c(cc(cc2F)n3c4c(nn3)C(=O)c5ccccc5C4=O)F",SUBJECT_OF_INVESTIGATION,
,"A","LDA","C14 H31 N O",229.402,"LAURYL DIMETHYLAMINE-N-OXIDE","InChI=1S/C14H31NO/c1-4-5-6-7-8-9-10-11-12-13-14-15(2,3)16/h4-14H2,1-3H3","SYELZBGXAIXKHU-UHFFFAOYSA-N","CCCCCCCCCCCC[N+](C)(C)[O-]",
"6LP8","A","FMN","C17 H21 N4 O9 P",456.344,"FLAVIN MONONUCLEOTIDE","InChI=1S/C17H21N4O9P/c1-7-3-9-10(4-8(7)2)21(15-13(18-9)16(25)20-17(26)19-15)5-11(22)14(24)12(23)6-30-31(27,28)29/h3-4,11-12,14,22-24H,5-6H2,1-2H3,(H,20,25,26)(H2,27,28,29)/t11-,12+,14-/m0/s1","FVTCRASFADXXNN-SCRDCRAPSA-N","Cc1cc2c(cc1C)N(C3=NC(=O)NC(=O)C3=N2)CC(C(C(COP(=O)(O)O)O)O)O",
,"A","ORO","C5 H4 N2 O4",156.096,"OROTIC ACID","InChI=1S/C5H4N2O4/c8-3-1-2(4(9)10)6-5(11)7-3/h1H,(H,9,10)(H2,6,7,8,11)","PXQPEWDEAKTCGB-UHFFFAOYSA-N","C1=C(NC(=O)NC1=O)C(=O)O",
,"A","SO4","O4 S",96.063,"SULFATE ION","InChI=1S/H2O4S/c1-5(2,3)4/h(H2,1,2,3,4)/p-2","QAOWNCQODCNURD-UHFFFAOYSA-L","[O-]S(=O)(=O)[O-]",
,"A","ACT","C2 H3 O2",59.044,"ACETATE ION","InChI=1S/C2H4O2/c1-2(3)4/h1H3,(H,3,4)/p-1","QTBSBXVTEAMEQO-UHFFFAOYSA-M","CC(=O)[O-]",
,"A","LDA","C14 H31 N O",229.402,"LAURYL DIMETHYLAMINE-N-OXIDE","InChI=1S/C14H31NO/c1-4-5-6-7-8-9-10-11-12-13-14-15(2,3)16/h4-14H2,1-3H3","SYELZBGXAIXKHU-UHFFFAOYSA-N","CCCCCCCCCCCC[N+](C)(C)[O-]",
,"A","B6O","C24 H16 F2 N4 O2",430.406,"3-[4-[3-(dimethylamino)phenyl]-3,5-bis(fluoranyl)phenyl]benzo[f]benzotriazole-4,9-dione","InChI=1S/C24H16F2N4O2/c1-29(2)14-7-5-6-13(10-14)20-18(25)11-15(12-19(20)26)30-22-21(27-28-30)23(31)16-8-3-4-9-17(16)24(22)32/h3-12H,1-2H3","DIQAKQHNMJSKDT-UHFFFAOYSA-N","CN(C)c1cccc(c1)c2c(cc(cc2F)n3c4c(nn3)C(=O)c5ccccc5C4=O)F",SUBJECT_OF_INVESTIGATION,
,"A","NA","Na",22.99,"SODIUM ION","InChI=1S/Na/q+1","FKNQFGJONOIPTF-UHFFFAOYSA-N","[Na+]",
"6LP6","A","FMN","C17 H21 N4 O9 P",456.344,"FLAVIN MONONUCLEOTIDE","InChI=1S/C17H21N4O9P/c1-7-3-9-10(4-8(7)2)21(15-13(18-9)16(25)20-17(26)19-15)5-11(22)14(24)12(23)6-30-31(27,28)29/h3-4,11-12,14,22-24H,5-6H2,1-2H3,(H,20,25,26)(H2,27,28,29)/t11-,12+,14-/m0/s1","FVTCRASFADXXNN-SCRDCRAPSA-N","Cc1cc2c(cc1C)N(C3=NC(=O)NC(=O)C3=N2)CC(C(C(COP(=O)(O)O)O)O)O",
,"A","ORO","C5 H4 N2 O4",156.096,"OROTIC ACID","InChI=1S/C5H4N2O4/c8-3-1-2(4(9)10)6-5(11)7-3/h1H,(H,9,10)(H2,6,7,8,11)","PXQPEWDEAKTCGB-UHFFFAOYSA-N","C1=C(NC(=O)NC1=O)C(=O)O",
,"A","SO4","O4 S",96.063,"SULFATE ION","InChI=1S/H2O4S/c1-5(2,3)4/h(H2,1,2,3,4)/p-2","QAOWNCQODCNURD-UHFFFAOYSA-L","[O-]S(=O)(=O)[O-]",
,"A","ACT","C2 H3 O2",59.044,"ACETATE ION","InChI=1S/C2H4O2/c1-2(3)4/h1H3,(H,3,4)/p-1","QTBSBXVTEAMEQO-UHFFFAOYSA-M","CC(=O)[O-]",
,"A","LDA","C14 H31 N O",229.402,"LAURYL DIMETHYLAMINE-N-OXIDE","InChI=1S/C14H31NO/c1-4-5-6-7-8-9-10-11-12-13-14-15(2,3)16/h4-14H2,1-3H3","SYELZBGXAIXKHU-UHFFFAOYSA-N","CCCCCCCCCCCC[N+](C)(C)[O-]",
,"A","B6U","C23 H12 F3 N3 O3",435.355,"3-[3,5-bis(fluoranyl)-4-[2-fluoranyl-5-(hydroxymethyl)phenyl]phenyl]benzo[f]benzotriazole-4,9-dione","InChI=1S/C23H12F3N3O3/c24-16-6-5-11(10-30)7-15(16)19-17(25)8-12(9-18(19)26)29-21-20(27-28-29)22(31)13-3-1-2-4-14(13)23(21)32/h1-9,30H,10H2","JWRMSFLQXIFPOJ-UHFFFAOYSA-N","c1ccc2c(c1)C(=O)c3c(n(nn3)c4cc(c(c(c4)F)c5cc(ccc5F)CO)F)C2=O",SUBJECT_OF_INVESTIGATION,
,"A","NA","Na",22.99,"SODIUM ION","InChI=1S/Na/q+1","FKNQFGJONOIPTF-UHFFFAOYSA-N","[Na+]",
"6QU7","A","ORO","C5 H4 N2 O4",156.096,"OROTIC ACID","InChI=1S/C5H4N2O4/c8-3-1-2(4(9)10)6-5(11)7-3/h1H,(H,9,10)(H2,6,7,8,11)","PXQPEWDEAKTCGB-UHFFFAOYSA-N","C1=C(NC(=O)NC1=O)C(=O)O",
,"A","FMN","C17 H21 N4 O9 P",456.344,"FLAVIN MONONUCLEOTIDE","InChI=1S/C17H21N4O9P/c1-7-3-9-10(4-8(7)2)21(15-13(18-9)16(25)20-17(26)19-15)5-11(22)14(24)12(23)6-30-31(27,28)29/h3-4,11-12,14,22-24H,5-6H2,1-2H3,(H,20,25,26)(H2,27,28,29)/t11-,12+,14-/m0/s1","FVTCRASFADXXNN-SCRDCRAPSA-N","Cc1cc2c(cc1C)N(C3=NC(=O)NC(=O)C3=N2)CC(C(C(COP(=O)(O)O)O)O)O",
,"A","JJE","C21 H18 Cl F5 N4 O4",520.837,"~{N}-(2-chloranyl-6-fluoranyl-phenyl)-4-[4-ethyl-3-(hydroxymethyl)-5-oxidanylidene-1,2,4-triazol-1-yl]-5-fluoranyl-2-[(2~{S})-1,1,1-tris(fluoranyl)propan-2-yl]oxy-benzamide","InChI=1S/C21H18ClF5N4O4/c1-3-30-17(9-32)29-31(20(30)34)15-8-16(35-10(2)21(25,26)27)11(7-14(15)24)19(33)28-18-12(22)5-4-6-13(18)23/h4-8,10,32H,3,9H2,1-2H3,(H,28,33)/t10-/m0/s1","KNVJMHHAXCPZHF-JTQLQIEISA-N","CCN1C(=NN(C1=O)c2cc(c(cc2F)C(=O)Nc3c(cccc3Cl)F)OC(C)C(F)(F)F)CO",
,"A","SO4","O4 S",96.063,"SULFATE ION","InChI=1S/H2O4S/c1-5(2,3)4/h(H2,1,2,3,4)/p-2","QAOWNCQODCNURD-UHFFFAOYSA-L","[O-]S(=O)(=O)[O-]",
,"A","ACT","C2 H3 O2",59.044,"ACETATE ION","InChI=1S/C2H4O2/c1-2(3)4/h1H3,(H,3,4)/p-1","QTBSBXVTEAMEQO-UHFFFAOYSA-M","CC(=O)[O-]",
"6JMD","A","FMN","C17 H21 N4 O9 P",456.344,"FLAVIN MONONUCLEOTIDE","InChI=1S/C17H21N4O9P/c1-7-3-9-10(4-8(7)2)21(15-13(18-9)16(25)20-17(26)19-15)5-11(22)14(24)12(23)6-30-31(27,28)29/h3-4,11-12,14,22-24H,5-6H2,1-2H3,(H,20,25,26)(H2,27,28,29)/t11-,12+,14-/m0/s1","FVTCRASFADXXNN-SCRDCRAPSA-N","Cc1cc2c(cc1C)N(C3=NC(=O)NC(=O)C3=N2)CC(C(C(COP(=O)(O)O)O)O)O",
,"A","ORO","C5 H4 N2 O4",156.096,"OROTIC ACID","InChI=1S/C5H4N2O4/c8-3-1-2(4(9)10)6-5(11)7-3/h1H,(H,9,10)(H2,6,7,8,11)","PXQPEWDEAKTCGB-UHFFFAOYSA-N","C1=C(NC(=O)NC1=O)C(=O)O",
,"A","SO4","O4 S",96.063,"SULFATE ION","InChI=1S/H2O4S/c1-5(2,3)4/h(H2,1,2,3,4)/p-2","QAOWNCQODCNURD-UHFFFAOYSA-L","[O-]S(=O)(=O)[O-]",
,"A","ACT","C2 H3 O2",59.044,"ACETATE ION","InChI=1S/C2H4O2/c1-2(3)4/h1H3,(H,3,4)/p-1","QTBSBXVTEAMEQO-UHFFFAOYSA-M","CC(=O)[O-]",
,"A","LDA","C14 H31 N O",229.402,"LAURYL DIMETHYLAMINE-N-OXIDE","InChI=1S/C14H31NO/c1-4-5-6-7-8-9-10-11-12-13-14-15(2,3)16/h4-14H2,1-3H3","SYELZBGXAIXKHU-UHFFFAOYSA-N","CCCCCCCCCCCC[N+](C)(C)[O-]",
,"A","BVO","C23 H13 F2 N3 O3",417.364,"3-[3,5-bis(fluoranyl)-4-[3-(hydroxymethyl)phenyl]phenyl]benzo[f]benzotriazole-4,9-dione","InChI=1S/C23H13F2N3O3/c24-17-9-14(10-18(25)19(17)13-5-3-4-12(8-13)11-29)28-21-20(26-27-28)22(30)15-6-1-2-7-16(15)23(21)31/h1-10,29H,11H2","INHJBTZMBKOVDA-UHFFFAOYSA-N","c1ccc2c(c1)C(=O)c3c(n(nn3)c4cc(c(c(c4)F)c5cccc(c5)CO)F)C2=O",SUBJECT_OF_INVESTIGATION,
"6JME","A","FMN","C17 H21 N4 O9 P",456.344,"FLAVIN MONONUCLEOTIDE","InChI=1S/C17H21N4O9P/c1-7-3-9-10(4-8(7)2)21(15-13(18-9)16(25)20-17(26)19-15)5-11(22)14(24)12(23)6-30-31(27,28)29/h3-4,11-12,14,22-24H,5-6H2,1-2H3,(H,20,25,26)(H2,27,28,29)/t11-,12+,14-/m0/s1","FVTCRASFADXXNN-SCRDCRAPSA-N","Cc1cc2c(cc1C)N(C3=NC(=O)NC(=O)C3=N2)CC(C(C(COP(=O)(O)O)O)O)O",
,"A","ORO","C5 H4 N2 O4",156.096,"OROTIC ACID","InChI=1S/C5H4N2O4/c8-3-1-2(4(9)10)6-5(11)7-3/h1H,(H,9,10)(H2,6,7,8,11)","PXQPEWDEAKTCGB-UHFFFAOYSA-N","C1=C(NC(=O)NC1=O)C(=O)O",
,"A","SO4","O4 S",96.063,"SULFATE ION","InChI=1S/H2O4S/c1-5(2,3)4/h(H2,1,2,3,4)/p-2","QAOWNCQODCNURD-UHFFFAOYSA-L","[O-]S(=O)(=O)[O-]",
,"A","ACT","C2 H3 O2",59.044,"ACETATE ION","InChI=1S/C2H4O2/c1-2(3)4/h1H3,(H,3,4)/p-1","QTBSBXVTEAMEQO-UHFFFAOYSA-M","CC(=O)[O-]",
,"A","LDA","C14 H31 N O",229.402,"LAURYL DIMETHYLAMINE-N-OXIDE","InChI=1S/C14H31NO/c1-4-5-6-7-8-9-10-11-12-13-14-15(2,3)16/h4-14H2,1-3H3","SYELZBGXAIXKHU-UHFFFAOYSA-N","CCCCCCCCCCCC[N+](C)(C)[O-]",
,"A","BVU","C22 H10 F3 N3 O2",405.329,"3-[3,5-bis(fluoranyl)-4-(2-fluorophenyl)phenyl]benzo[f]benzotriazole-4,9-dione","InChI=1S/C22H10F3N3O2/c23-15-8-4-3-7-14(15)18-16(24)9-11(10-17(18)25)28-20-19(26-27-28)21(29)12-5-1-2-6-13(12)22(20)30/h1-10H","VMUZFSZBQDZDTG-UHFFFAOYSA-N","c1ccc(c(c1)c2c(cc(cc2F)n3c4c(nn3)C(=O)c5ccccc5C4=O)F)F",SUBJECT_OF_INVESTIGATION,
,"A","NA","Na",22.99,"SODIUM ION","InChI=1S/Na/q+1","FKNQFGJONOIPTF-UHFFFAOYSA-N","[Na+]",
"2WV8","A","FMN","C17 H21 N4 O9 P",456.344,"FLAVIN MONONUCLEOTIDE","InChI=1S/C17H21N4O9P/c1-7-3-9-10(4-8(7)2)21(15-13(18-9)16(25)20-17(26)19-15)5-11(22)14(24)12(23)6-30-31(27,28)29/h3-4,11-12,14,22-24H,5-6H2,1-2H3,(H,20,25,26)(H2,27,28,29)/t11-,12+,14-/m0/s1","FVTCRASFADXXNN-SCRDCRAPSA-N","Cc1cc2c(cc1C)N(C3=NC(=O)NC(=O)C3=N2)CC(C(C(COP(=O)(O)O)O)O)O",
,"A","ORO","C5 H4 N2 O4",156.096,"OROTIC ACID","InChI=1S/C5H4N2O4/c8-3-1-2(4(9)10)6-5(11)7-3/h1H,(H,9,10)(H2,6,7,8,11)","PXQPEWDEAKTCGB-UHFFFAOYSA-N","C1=C(NC(=O)NC1=O)C(=O)O",
,"A","VGN","C21 H17 N O3",331.365,"2-ACETAMIDO-5-(4-PHENYLPHENYL)BENZOIC ACID","InChI=1S/C21H17NO3/c1-14(23)22-20-12-11-18(13-19(20)21(24)25)17-9-7-16(8-10-17)15-5-3-2-4-6-15/h2-13H,1H3,(H,22,23)(H,24,25)","XXPKIBVYLUEVCV-UHFFFAOYSA-N","CC(=O)Nc1ccc(cc1C(=O)O)c2ccc(cc2)c3ccccc3",
,"A","DDQ","C12 H27 N O",201.349,"DECYLAMINE-N,N-DIMETHYL-N-OXIDE","InChI=1S/C12H27NO/c1-4-5-6-7-8-9-10-11-12-13(2,3)14/h4-12H2,1-3H3","ZRKZFNZPJKEWPC-UHFFFAOYSA-N","CCCCCCCCCC[N+](C)(C)[O-]",
,"A","ACT","C2 H3 O2",59.044,"ACETATE ION","InChI=1S/C2H4O2/c1-2(3)4/h1H3,(H,3,4)/p-1","QTBSBXVTEAMEQO-UHFFFAOYSA-M","CC(=O)[O-]",
,"A","SO4","O4 S",96.063,"SULFATE ION","InChI=1S/H2O4S/c1-5(2,3)4/h(H2,1,2,3,4)/p-2","QAOWNCQODCNURD-UHFFFAOYSA-L","[O-]S(=O)(=O)[O-]",
"5MUT","A","FMN","C17 H21 N4 O9 P",456.344,"FLAVIN MONONUCLEOTIDE","InChI=1S/C17H21N4O9P/c1-7-3-9-10(4-8(7)2)21(15-13(18-9)16(25)20-17(26)19-15)5-11(22)14(24)12(23)6-30-31(27,28)29/h3-4,11-12,14,22-24H,5-6H2,1-2H3,(H,20,25,26)(H2,27,28,29)/t11-,12+,14-/m0/s1","FVTCRASFADXXNN-SCRDCRAPSA-N","Cc1cc2c(cc1C)N(C3=NC(=O)NC(=O)C3=N2)CC(C(C(COP(=O)(O)O)O)O)O",
,"A","ORO","C5 H4 N2 O4",156.096,"OROTIC ACID","InChI=1S/C5H4N2O4/c8-3-1-2(4(9)10)6-5(11)7-3/h1H,(H,9,10)(H2,6,7,8,11)","PXQPEWDEAKTCGB-UHFFFAOYSA-N","C1=C(NC(=O)NC1=O)C(=O)O",
,"A","HYT","C16 H10 F4 N4 O2",366.27,"2-methyl-5-oxidanyl-~{N}-[2,3,5,6-tetrakis(fluoranyl)-4-phenyl-phenyl]-1,2,3-triazole-4-carboxamide","InChI=1S/C16H10F4N4O2/c1-24-22-14(16(26)23-24)15(25)21-13-11(19)9(17)8(10(18)12(13)20)7-5-3-2-4-6-7/h2-6H,1H3,(H,21,25)(H,23,26)","NRGHNOMCGATBLG-UHFFFAOYSA-N","Cn1nc(c(n1)O)C(=O)Nc2c(c(c(c(c2F)F)c3ccccc3)F)F",
,"A","ACT","C2 H3 O2",59.044,"ACETATE ION","InChI=1S/C2H4O2/c1-2(3)4/h1H3,(H,3,4)/p-1","QTBSBXVTEAMEQO-UHFFFAOYSA-M","CC(=O)[O-]",
,"A","CL","Cl",35.453,"CHLORIDE ION","InChI=1S/ClH/h1H/p-1","VEXZGXHMUGYJMC-UHFFFAOYSA-M","[Cl-]",
"6LZL","A","ORO","C5 H4 N2 O4",156.096,"OROTIC ACID","InChI=1S/C5H4N2O4/c8-3-1-2(4(9)10)6-5(11)7-3/h1H,(H,9,10)(H2,6,7,8,11)","PXQPEWDEAKTCGB-UHFFFAOYSA-N","C1=C(NC(=O)NC1=O)C(=O)O",
,"A","FMN","C17 H21 N4 O9 P",456.344,"FLAVIN MONONUCLEOTIDE","InChI=1S/C17H21N4O9P/c1-7-3-9-10(4-8(7)2)21(15-13(18-9)16(25)20-17(26)19-15)5-11(22)14(24)12(23)6-30-31(27,28)29/h3-4,11-12,14,22-24H,5-6H2,1-2H3,(H,20,25,26)(H2,27,28,29)/t11-,12+,14-/m0/s1","FVTCRASFADXXNN-SCRDCRAPSA-N","Cc1cc2c(cc1C)N(C3=NC(=O)NC(=O)C3=N2)CC(C(C(COP(=O)(O)O)O)O)O",
,"A","AYR","C17 H19 N O3",285.338,"(2E,4E)-5-(2H-1,3-benzodioxol-5-yl)-1-(piperidin-1-yl)penta-2,4-dien-1-one","InChI=1S/C17H19NO3/c19-17(18-10-4-1-5-11-18)7-3-2-6-14-8-9-15-16(12-14)21-13-20-15/h2-3,6-9,12H,1,4-5,10-11,13H2/b6-2+,7-3+","MXXWOMGUGJBKIW-YPCIICBESA-N","c1cc2c(cc1C=CC=CC(=O)N3CCCCC3)OCO2",SUBJECT_OF_INVESTIGATION,
"6CJF","A, B","FMN","C17 H21 N4 O9 P",456.344,"FLAVIN MONONUCLEOTIDE","InChI=1S/C17H21N4O9P/c1-7-3-9-10(4-8(7)2)21(15-13(18-9)16(25)20-17(26)19-15)5-11(22)14(24)12(23)6-30-31(27,28)29/h3-4,11-12,14,22-24H,5-6H2,1-2H3,(H,20,25,26)(H2,27,28,29)/t11-,12+,14-/m0/s1","FVTCRASFADXXNN-SCRDCRAPSA-N","Cc1cc2c(cc1C)N(C3=NC(=O)NC(=O)C3=N2)CC(C(C(COP(=O)(O)O)O)O)O",
,"A, B","ORO","C5 H4 N2 O4",156.096,"OROTIC ACID","InChI=1S/C5H4N2O4/c8-3-1-2(4(9)10)6-5(11)7-3/h1H,(H,9,10)(H2,6,7,8,11)","PXQPEWDEAKTCGB-UHFFFAOYSA-N","C1=C(NC(=O)NC1=O)C(=O)O",
,"A, B","F54","C23 H16 Cl F N2 O2",406.837,"2-[4-(2-chloro-6-methylpyridin-3-yl)phenyl]-6-fluoro-3-methylquinoline-4-carboxylic acid","InChI=1S/C23H16ClFN2O2/c1-12-3-9-17(22(24)26-12)14-4-6-15(7-5-14)21-13(2)20(23(28)29)18-11-16(25)8-10-19(18)27-21/h3-11H,1-2H3,(H,28,29)","NPMKPVGSRBWMIO-UHFFFAOYSA-N","Cc1ccc(c(n1)Cl)c2ccc(cc2)c3c(c(c4cc(ccc4n3)F)C(=O)O)C",
,"A, B","ZWI","C15 H33 N O3 S",307.492,"3-[decyl(dimethyl)ammonio]propane-1-sulfonate","InChI=1S/C15H33NO3S/c1-4-5-6-7-8-9-10-11-13-16(2,3)14-12-15-20(17,18)19/h4-15H2,1-3H3","WKALLSVICJPZTM-UHFFFAOYSA-N","CCCCCCCCCC[N+](C)(C)CCCS(=O)(=O)[O-]",
"6CJG","A","FMN","C17 H21 N4 O9 P",456.344,"FLAVIN MONONUCLEOTIDE","InChI=1S/C17H21N4O9P/c1-7-3-9-10(4-8(7)2)21(15-13(18-9)16(25)20-17(26)19-15)5-11(22)14(24)12(23)6-30-31(27,28)29/h3-4,11-12,14,22-24H,5-6H2,1-2H3,(H,20,25,26)(H2,27,28,29)/t11-,12+,14-/m0/s1","FVTCRASFADXXNN-SCRDCRAPSA-N","Cc1cc2c(cc1C)N(C3=NC(=O)NC(=O)C3=N2)CC(C(C(COP(=O)(O)O)O)O)O",
,"A","ORO","C5 H4 N2 O4",156.096,"OROTIC ACID","InChI=1S/C5H4N2O4/c8-3-1-2(4(9)10)6-5(11)7-3/h1H,(H,9,10)(H2,6,7,8,11)","PXQPEWDEAKTCGB-UHFFFAOYSA-N","C1=C(NC(=O)NC1=O)C(=O)O",
,"A","F51","C22 H16 N2 O2",340.375,"2-([1,1'-biphenyl]-4-yl)-3-methyl-1,7-naphthyridine-4-carboxylic acid","InChI=1S/C22H16N2O2/c1-14-20(22(25)26)18-11-12-23-13-19(18)24-21(14)17-9-7-16(8-10-17)15-5-3-2-4-6-15/h2-13H,1H3,(H,25,26)","QTJZVPVLAFKPGP-UHFFFAOYSA-N","Cc1c(c2ccncc2nc1c3ccc(cc3)c4ccccc4)C(=O)O",
,"A","GOL","C3 H8 O3",92.094,"GLYCEROL","InChI=1S/C3H8O3/c4-1-3(6)2-5/h3-6H,1-2H2","PEDCQBHIVMGVHV-UHFFFAOYSA-N","C(C(CO)O)O",
,"A","SO4","O4 S",96.063,"SULFATE ION","InChI=1S/H2O4S/c1-5(2,3)4/h(H2,1,2,3,4)/p-2","QAOWNCQODCNURD-UHFFFAOYSA-L","[O-]S(=O)(=O)[O-]",
,"A","ZWI","C15 H33 N O3 S",307.492,"3-[decyl(dimethyl)ammonio]propane-1-sulfonate","InChI=1S/C15H33NO3S/c1-4-5-6-7-8-9-10-11-13-16(2,3)14-12-15-20(17,18)19/h4-15H2,1-3H3","WKALLSVICJPZTM-UHFFFAOYSA-N","CCCCCCCCCC[N+](C)(C)CCCS(=O)(=O)[O-]",
"4IGH","A","FMN","C17 H21 N4 O9 P",456.344,"FLAVIN MONONUCLEOTIDE","InChI=1S/C17H21N4O9P/c1-7-3-9-10(4-8(7)2)21(15-13(18-9)16(25)20-17(26)19-15)5-11(22)14(24)12(23)6-30-31(27,28)29/h3-4,11-12,14,22-24H,5-6H2,1-2H3,(H,20,25,26)(H2,27,28,29)/t11-,12+,14-/m0/s1","FVTCRASFADXXNN-SCRDCRAPSA-N","Cc1cc2c(cc1C)N(C3=NC(=O)NC(=O)C3=N2)CC(C(C(COP(=O)(O)O)O)O)O",
,"A","ORO","C5 H4 N2 O4",156.096,"OROTIC ACID","InChI=1S/C5H4N2O4/c8-3-1-2(4(9)10)6-5(11)7-3/h1H,(H,9,10)(H2,6,7,8,11)","PXQPEWDEAKTCGB-UHFFFAOYSA-N","C1=C(NC(=O)NC1=O)C(=O)O",
,"A","1EA","C26 H22 F N O3",415.456,"6-fluoro-2-[2-methyl-4-phenoxy-5-(propan-2-yl)phenyl]quinoline-4-carboxylic acid","InChI=1S/C26H22FNO3/c1-15(2)19-13-20(16(3)11-25(19)31-18-7-5-4-6-8-18)24-14-22(26(29)30)21-12-17(27)9-10-23(21)28-24/h4-15H,1-3H3,(H,29,30)","KOLKCHJGWGJCTG-UHFFFAOYSA-N","Cc1cc(c(cc1c2cc(c3cc(ccc3n2)F)C(=O)O)C(C)C)Oc4ccccc4",
,"A","ZWI","C15 H33 N O3 S",307.492,"3-[decyl(dimethyl)ammonio]propane-1-sulfonate","InChI=1S/C15H33NO3S/c1-4-5-6-7-8-9-10-11-13-16(2,3)14-12-15-20(17,18)19/h4-15H2,1-3H3","WKALLSVICJPZTM-UHFFFAOYSA-N","CCCCCCCCCC[N+](C)(C)CCCS(=O)(=O)[O-]",
,"A","GOL","C3 H8 O3",92.094,"GLYCEROL","InChI=1S/C3H8O3/c4-1-3(6)2-5/h3-6H,1-2H2","PEDCQBHIVMGVHV-UHFFFAOYSA-N","C(C(CO)O)O",
"4OQV","A","FMN","C17 H21 N4 O9 P",456.344,"FLAVIN MONONUCLEOTIDE","InChI=1S/C17H21N4O9P/c1-7-3-9-10(4-8(7)2)21(15-13(18-9)16(25)20-17(26)19-15)5-11(22)14(24)12(23)6-30-31(27,28)29/h3-4,11-12,14,22-24H,5-6H2,1-2H3,(H,20,25,26)(H2,27,28,29)/t11-,12+,14-/m0/s1","FVTCRASFADXXNN-SCRDCRAPSA-N","Cc1cc2c(cc1C)N(C3=NC(=O)NC(=O)C3=N2)CC(C(C(COP(=O)(O)O)O)O)O",
,"A","ORO","C5 H4 N2 O4",156.096,"OROTIC ACID","InChI=1S/C5H4N2O4/c8-3-1-2(4(9)10)6-5(11)7-3/h1H,(H,9,10)(H2,6,7,8,11)","PXQPEWDEAKTCGB-UHFFFAOYSA-N","C1=C(NC(=O)NC1=O)C(=O)O",
,"A","2V6","C14 H7 F8 N5",397.226,"N-[3,5-difluoro-4-(trifluoromethyl)phenyl]-5-methyl-2-(trifluoromethyl)[1,2,4]triazolo[1,5-a]pyrimidin-7-amine","InChI=1S/C14H7F8N5/c1-5-2-9(27-12(23-5)25-11(26-27)14(20,21)22)24-6-3-7(15)10(8(16)4-6)13(17,18)19/h2-4,24H,1H3","JEEOGRYTTNEULC-UHFFFAOYSA-N","Cc1cc(n2c(n1)nc(n2)C(F)(F)F)Nc3cc(c(c(c3)F)C(F)(F)F)F",
,"A","ACY","C2 H4 O2",60.052,"ACETIC ACID","InChI=1S/C2H4O2/c1-2(3)4/h1H3,(H,3,4)","QTBSBXVTEAMEQO-UHFFFAOYSA-N","CC(=O)O",
,"A","GOL","C3 H8 O3",92.094,"GLYCEROL","InChI=1S/C3H8O3/c4-1-3(6)2-5/h3-6H,1-2H2","PEDCQBHIVMGVHV-UHFFFAOYSA-N","C(C(CO)O)O",
,"A","NA","Na",22.99,"SODIUM ION","InChI=1S/Na/q+1","FKNQFGJONOIPTF-UHFFFAOYSA-N","[Na+]",
,"A","SO4","O4 S",96.063,"SULFATE ION","InChI=1S/H2O4S/c1-5(2,3)4/h(H2,1,2,3,4)/p-2","QAOWNCQODCNURD-UHFFFAOYSA-L","[O-]S(=O)(=O)[O-]",
"5MVD","A","FMN","C17 H21 N4 O9 P",456.344,"FLAVIN MONONUCLEOTIDE","InChI=1S/C17H21N4O9P/c1-7-3-9-10(4-8(7)2)21(15-13(18-9)16(25)20-17(26)19-15)5-11(22)14(24)12(23)6-30-31(27,28)29/h3-4,11-12,14,22-24H,5-6H2,1-2H3,(H,20,25,26)(H2,27,28,29)/t11-,12+,14-/m0/s1","FVTCRASFADXXNN-SCRDCRAPSA-N","Cc1cc2c(cc1C)N(C3=NC(=O)NC(=O)C3=N2)CC(C(C(COP(=O)(O)O)O)O)O",
,"A","ORO","C5 H4 N2 O4",156.096,"OROTIC ACID","InChI=1S/C5H4N2O4/c8-3-1-2(4(9)10)6-5(11)7-3/h1H,(H,9,10)(H2,6,7,8,11)","PXQPEWDEAKTCGB-UHFFFAOYSA-N","C1=C(NC(=O)NC1=O)C(=O)O",
,"A","U91","C18 H13 F4 N3 O2",379.308,"1,5-dimethyl-3-oxidanyl-~{N}-[2,3,5,6-tetrakis(fluoranyl)-4-phenyl-phenyl]pyrazole-4-carboxamide","InChI=1S/C18H13F4N3O2/c1-8-10(18(27)24-25(8)2)17(26)23-16-14(21)12(19)11(13(20)15(16)22)9-6-4-3-5-7-9/h3-7H,1-2H3,(H,23,26)(H,24,27)","YELPXAASZKFOBT-UHFFFAOYSA-N","Cc1c(c(nn1C)O)C(=O)Nc2c(c(c(c(c2F)F)c3ccccc3)F)F",
,"A","ACT","C2 H3 O2",59.044,"ACETATE ION","InChI=1S/C2H4O2/c1-2(3)4/h1H3,(H,3,4)/p-1","QTBSBXVTEAMEQO-UHFFFAOYSA-M","CC(=O)[O-]",
,"A","CL","Cl",35.453,"CHLORIDE ION","InChI=1S/ClH/h1H/p-1","VEXZGXHMUGYJMC-UHFFFAOYSA-M","[Cl-]",
